\BOOKMARK [0][-]{chapter.1}{\376\377\0001\000\040\000R\000a\000d\000i\000o\000T\000h\000e\000r\000a\000p\000y\000\040\000D\000o\000s\000e\000\040\000P\000r\000e\000d\000i\000c\000t\000i\000o\000n}{}% 1
\BOOKMARK [1][-]{section.1.1}{\376\377\0001\000.\0001\000\040\000P\000r\000o\000j\000e\000c\000t\000\040\000S\000t\000r\000u\000c\000t\000u\000r\000e}{chapter.1}% 2
\BOOKMARK [1][-]{section.1.2}{\376\377\0001\000.\0002\000\040\000Q\000u\000i\000c\000k\000s\000t\000a\000r\000t}{chapter.1}% 3
\BOOKMARK [1][-]{section.1.3}{\376\377\0001\000.\0003\000\040\000G\000U\000I\000\040\000W\000o\000r\000k\000f\000l\000o\000w}{chapter.1}% 4
\BOOKMARK [1][-]{section.1.4}{\376\377\0001\000.\0004\000\040\000C\000o\000r\000e\000\040\000C\000o\000m\000p\000o\000n\000e\000n\000t\000s}{chapter.1}% 5
\BOOKMARK [2][-]{subsection.1.4.1}{\376\377\0001\000.\0004\000.\0001\000\040\0001\000.\000\040\000P\000a\000r\000a\000m\000e\000t\000e\000r\000M\000a\000n\000a\000g\000e\000r}{section.1.4}% 6
\BOOKMARK [2][-]{subsection.1.4.2}{\376\377\0001\000.\0004\000.\0002\000\040\0002\000.\000\040\000S\000y\000s\000t\000e\000m\000M\000a\000n\000a\000g\000e\000r}{section.1.4}% 7
\BOOKMARK [2][-]{subsection.1.4.3}{\376\377\0001\000.\0004\000.\0003\000\040\0003\000.\000\040\000I\000n\000f\000e\000r\000e\000n\000c\000e\000M\000o\000d\000u\000l\000e}{section.1.4}% 8
\BOOKMARK [1][-]{section.1.5}{\376\377\0001\000.\0005\000\040\000G\000a\000u\000s\000s\000i\000a\000n\000\040\000Q\000u\000a\000d\000r\000a\000t\000u\000r\000e}{chapter.1}% 9
\BOOKMARK [1][-]{section.1.6}{\376\377\0001\000.\0006\000\040\000T\000r\000a\000i\000n\000i\000n\000g\000\040\000\046\000\040\000D\000e\000b\000u\000g}{chapter.1}% 10
\BOOKMARK [0][-]{chapter.2}{\376\377\0002\000\040\000N\000a\000m\000e\000s\000p\000a\000c\000e\000\040\000I\000n\000d\000e\000x}{}% 11
\BOOKMARK [1][-]{section.2.1}{\376\377\0002\000.\0001\000\040\000P\000a\000c\000k\000a\000g\000e\000\040\000L\000i\000s\000t}{chapter.2}% 12
\BOOKMARK [0][-]{chapter.3}{\376\377\0003\000\040\000H\000i\000e\000r\000a\000r\000c\000h\000i\000c\000a\000l\000\040\000I\000n\000d\000e\000x}{}% 13
\BOOKMARK [1][-]{section.3.1}{\376\377\0003\000.\0001\000\040\000C\000l\000a\000s\000s\000\040\000H\000i\000e\000r\000a\000r\000c\000h\000y}{chapter.3}% 14
\BOOKMARK [0][-]{chapter.4}{\376\377\0004\000\040\000C\000l\000a\000s\000s\000\040\000I\000n\000d\000e\000x}{}% 15
\BOOKMARK [1][-]{section.4.1}{\376\377\0004\000.\0001\000\040\000C\000l\000a\000s\000s\000\040\000L\000i\000s\000t}{chapter.4}% 16
\BOOKMARK [0][-]{chapter.5}{\376\377\0005\000\040\000F\000i\000l\000e\000\040\000I\000n\000d\000e\000x}{}% 17
\BOOKMARK [1][-]{section.5.1}{\376\377\0005\000.\0001\000\040\000F\000i\000l\000e\000\040\000L\000i\000s\000t}{chapter.5}% 18
\BOOKMARK [0][-]{chapter.6}{\376\377\0006\000\040\000N\000a\000m\000e\000s\000p\000a\000c\000e\000\040\000D\000o\000c\000u\000m\000e\000n\000t\000a\000t\000i\000o\000n}{}% 19
\BOOKMARK [1][-]{section.6.1}{\376\377\0006\000.\0001\000\040\000a\000n\000a\000l\000y\000z\000e\000\137\000t\000r\000a\000i\000n\000c\000u\000b\000e\000s\000\040\000N\000a\000m\000e\000s\000p\000a\000c\000e\000\040\000R\000e\000f\000e\000r\000e\000n\000c\000e}{chapter.6}% 20
\BOOKMARK [1][-]{section.6.2}{\376\377\0006\000.\0002\000\040\000c\000o\000r\000r\000e\000c\000t\000e\000d\000\137\000i\000n\000f\000e\000r\000e\000n\000c\000e\000\040\000N\000a\000m\000e\000s\000p\000a\000c\000e\000\040\000R\000e\000f\000e\000r\000e\000n\000c\000e}{chapter.6}% 21
\BOOKMARK [2][-]{subsection.6.2.1}{\376\377\0006\000.\0002\000.\0001\000\040\000D\000e\000t\000a\000i\000l\000e\000d\000\040\000D\000e\000s\000c\000r\000i\000p\000t\000i\000o\000n}{section.6.2}% 22
\BOOKMARK [2][-]{subsection.6.2.2}{\376\377\0006\000.\0002\000.\0002\000\040\000F\000u\000n\000c\000t\000i\000o\000n\000\040\000D\000o\000c\000u\000m\000e\000n\000t\000a\000t\000i\000o\000n}{section.6.2}% 23
\BOOKMARK [3][-]{subsubsection.6.2.2.1}{\376\377\0006\000.\0002\000.\0002\000.\0001\000\040\000t\000e\000s\000t\000\137\000c\000o\000r\000r\000e\000c\000t\000e\000d\000\137\000i\000n\000f\000e\000r\000e\000n\000c\000e\000\050\000\051}{subsection.6.2.2}% 24
\BOOKMARK [2][-]{subsection.6.2.3}{\376\377\0006\000.\0002\000.\0003\000\040\000V\000a\000r\000i\000a\000b\000l\000e\000\040\000D\000o\000c\000u\000m\000e\000n\000t\000a\000t\000i\000o\000n}{section.6.2}% 25
\BOOKMARK [3][-]{subsubsection.6.2.3.1}{\376\377\0006\000.\0002\000.\0003\000.\0001\000\040\000l\000o\000g\000g\000e\000r}{subsection.6.2.3}% 26
\BOOKMARK [1][-]{section.6.3}{\376\377\0006\000.\0003\000\040\000c\000o\000r\000r\000e\000c\000t\000e\000d\000\137\000t\000r\000a\000i\000n\000i\000n\000g\000\137\000p\000i\000p\000e\000l\000i\000n\000e\000\040\000N\000a\000m\000e\000s\000p\000a\000c\000e\000\040\000R\000e\000f\000e\000r\000e\000n\000c\000e}{chapter.6}% 27
\BOOKMARK [2][-]{subsection.6.3.1}{\376\377\0006\000.\0003\000.\0001\000\040\000D\000e\000t\000a\000i\000l\000e\000d\000\040\000D\000e\000s\000c\000r\000i\000p\000t\000i\000o\000n}{section.6.3}% 28
\BOOKMARK [2][-]{subsection.6.3.2}{\376\377\0006\000.\0003\000.\0002\000\040\000F\000u\000n\000c\000t\000i\000o\000n\000\040\000D\000o\000c\000u\000m\000e\000n\000t\000a\000t\000i\000o\000n}{section.6.3}% 29
\BOOKMARK [3][-]{subsubsection.6.3.2.1}{\376\377\0006\000.\0003\000.\0002\000.\0001\000\040\000m\000a\000i\000n\000\050\000\051}{subsection.6.3.2}% 30
\BOOKMARK [2][-]{subsection.6.3.3}{\376\377\0006\000.\0003\000.\0003\000\040\000V\000a\000r\000i\000a\000b\000l\000e\000\040\000D\000o\000c\000u\000m\000e\000n\000t\000a\000t\000i\000o\000n}{section.6.3}% 31
\BOOKMARK [3][-]{subsubsection.6.3.3.1}{\376\377\0006\000.\0003\000.\0003\000.\0001\000\040\000l\000o\000g\000g\000e\000r}{subsection.6.3.3}% 32
\BOOKMARK [1][-]{section.6.4}{\376\377\0006\000.\0004\000\040\000d\000a\000t\000a\000\137\000m\000a\000n\000a\000g\000e\000m\000e\000n\000t\000\040\000N\000a\000m\000e\000s\000p\000a\000c\000e\000\040\000R\000e\000f\000e\000r\000e\000n\000c\000e}{chapter.6}% 33
\BOOKMARK [2][-]{subsection.6.4.1}{\376\377\0006\000.\0004\000.\0001\000\040\000V\000a\000r\000i\000a\000b\000l\000e\000\040\000D\000o\000c\000u\000m\000e\000n\000t\000a\000t\000i\000o\000n}{section.6.4}% 34
\BOOKMARK [3][-]{subsubsection.6.4.1.1}{\376\377\0006\000.\0004\000.\0001\000.\0001\000\040\000l\000o\000g\000g\000e\000r}{subsection.6.4.1}% 35
\BOOKMARK [1][-]{section.6.5}{\376\377\0006\000.\0005\000\040\000d\000e\000b\000u\000g\000\137\000i\000n\000f\000e\000r\000e\000n\000c\000e\000\137\000p\000r\000o\000b\000l\000e\000m\000\040\000N\000a\000m\000e\000s\000p\000a\000c\000e\000\040\000R\000e\000f\000e\000r\000e\000n\000c\000e}{chapter.6}% 36
\BOOKMARK [2][-]{subsection.6.5.1}{\376\377\0006\000.\0005\000.\0001\000\040\000D\000e\000t\000a\000i\000l\000e\000d\000\040\000D\000e\000s\000c\000r\000i\000p\000t\000i\000o\000n}{section.6.5}% 37
\BOOKMARK [2][-]{subsection.6.5.2}{\376\377\0006\000.\0005\000.\0002\000\040\000V\000a\000r\000i\000a\000b\000l\000e\000\040\000D\000o\000c\000u\000m\000e\000n\000t\000a\000t\000i\000o\000n}{section.6.5}% 38
\BOOKMARK [3][-]{subsubsection.6.5.2.1}{\376\377\0006\000.\0005\000.\0002\000.\0001\000\040\000a\000u\000t\000o\000e\000n\000c\000o\000d\000e\000r}{subsection.6.5.2}% 39
\BOOKMARK [3][-]{subsubsection.6.5.2.2}{\376\377\0006\000.\0005\000.\0002\000.\0002\000\040\000c\000h\000e\000c\000k\000p\000o\000i\000n\000t}{subsection.6.5.2}% 40
\BOOKMARK [3][-]{subsubsection.6.5.2.3}{\376\377\0006\000.\0005\000.\0002\000.\0003\000\040\000c\000o\000r\000r\000e\000l\000a\000t\000i\000o\000n}{subsection.6.5.2}% 41
\BOOKMARK [3][-]{subsubsection.6.5.2.4}{\376\377\0006\000.\0005\000.\0002\000.\0004\000\040\000d\000e\000c\000o\000d\000e\000d}{subsection.6.5.2}% 42
\BOOKMARK [3][-]{subsubsection.6.5.2.5}{\376\377\0006\000.\0005\000.\0002\000.\0005\000\040\000d\000e\000v\000i\000c\000e}{subsection.6.5.2}% 43
\BOOKMARK [3][-]{subsubsection.6.5.2.6}{\376\377\0006\000.\0005\000.\0002\000.\0006\000\040\000e\000n\000c\000o\000d\000e\000d}{subsection.6.5.2}% 44
\BOOKMARK [3][-]{subsubsection.6.5.2.7}{\376\377\0006\000.\0005\000.\0002\000.\0007\000\040\000e\000n\000e\000r\000g\000y\000\137\000n\000o\000r\000m\000a\000l\000i\000z\000e\000d}{subsection.6.5.2}% 45
\BOOKMARK [3][-]{subsubsection.6.5.2.8}{\376\377\0006\000.\0005\000.\0002\000.\0008\000\040\000e\000n\000e\000r\000g\000y\000\137\000v\000a\000l\000u\000e}{subsection.6.5.2}% 46
\BOOKMARK [3][-]{subsubsection.6.5.2.9}{\376\377\0006\000.\0005\000.\0002\000.\0009\000\040\000f\000o\000r\000m\000a\000t}{subsection.6.5.2}% 47
\BOOKMARK [3][-]{subsubsection.6.5.2.10}{\376\377\0006\000.\0005\000.\0002\000.\0001\0000\000\040\000g\000r\000o\000u\000n\000d\000\137\000t\000r\000u\000t\000h}{subsection.6.5.2}% 48
\BOOKMARK [3][-]{subsubsection.6.5.2.11}{\376\377\0006\000.\0005\000.\0002\000.\0001\0001\000\040\000I\000N\000F\000O}{subsection.6.5.2}% 49
\BOOKMARK [3][-]{subsubsection.6.5.2.12}{\376\377\0006\000.\0005\000.\0002\000.\0001\0002\000\040\000i\000n\000p\000u\000t\000\137\0002\000c\000h\000a\000n\000n\000e\000l}{subsection.6.5.2}% 50
\BOOKMARK [3][-]{subsubsection.6.5.2.13}{\376\377\0006\000.\0005\000.\0002\000.\0001\0003\000\040\000i\000n\000p\000u\000t\000\137\000d\000a\000t\000a}{subsection.6.5.2}% 51
\BOOKMARK [3][-]{subsubsection.6.5.2.14}{\376\377\0006\000.\0005\000.\0002\000.\0001\0004\000\040\000i\000n\000p\000u\000t\000\137\000f\000i\000l\000e}{subsection.6.5.2}% 52
\BOOKMARK [3][-]{subsubsection.6.5.2.15}{\376\377\0006\000.\0005\000.\0002\000.\0001\0005\000\040\000i\000n\000p\000u\000t\000\137\000t\000e\000n\000s\000o\000r}{subsection.6.5.2}% 53
\BOOKMARK [3][-]{subsubsection.6.5.2.16}{\376\377\0006\000.\0005\000.\0002\000.\0001\0006\000\040\000l\000a\000t\000e\000n\000t}{subsection.6.5.2}% 54
\BOOKMARK [3][-]{subsubsection.6.5.2.17}{\376\377\0006\000.\0005\000.\0002\000.\0001\0007\000\040\000l\000e\000v\000e\000l}{subsection.6.5.2}% 55
\BOOKMARK [3][-]{subsubsection.6.5.2.18}{\376\377\0006\000.\0005\000.\0002\000.\0001\0008\000\040\000m\000a\000e}{subsection.6.5.2}% 56
\BOOKMARK [3][-]{subsubsection.6.5.2.19}{\376\377\0006\000.\0005\000.\0002\000.\0001\0009\000\040\000m\000o\000d\000e\000l\000\137\000p\000a\000t\000h}{subsection.6.5.2}% 57
\BOOKMARK [3][-]{subsubsection.6.5.2.20}{\376\377\0006\000.\0005\000.\0002\000.\0002\0000\000\040\000m\000s\000e}{subsection.6.5.2}% 58
\BOOKMARK [3][-]{subsubsection.6.5.2.21}{\376\377\0006\000.\0005\000.\0002\000.\0002\0001\000\040\000o\000u\000t\000p\000u\000t\000\137\000f\000i\000l\000e}{subsection.6.5.2}% 59
\BOOKMARK [3][-]{subsubsection.6.5.2.22}{\376\377\0006\000.\0005\000.\0002\000.\0002\0002\000\040\000r\000e\000c\000o\000n\000s\000t\000r\000u\000c\000t\000i\000o\000n}{subsection.6.5.2}% 60
\BOOKMARK [3][-]{subsubsection.6.5.2.23}{\376\377\0006\000.\0005\000.\0002\000.\0002\0003\000\040\000r\000e\000c\000o\000n\000s\000t\000r\000u\000c\000t\000i\000o\000n\000\137\000n\000p}{subsection.6.5.2}% 61
\BOOKMARK [1][-]{section.6.6}{\376\377\0006\000.\0006\000\040\000d\000e\000b\000u\000g\000\137\000i\000n\000f\000e\000r\000e\000n\000c\000e\000\137\000s\000y\000s\000t\000e\000m\000a\000t\000i\000c\000\040\000N\000a\000m\000e\000s\000p\000a\000c\000e\000\040\000R\000e\000f\000e\000r\000e\000n\000c\000e}{chapter.6}% 62
\BOOKMARK [2][-]{subsection.6.6.1}{\376\377\0006\000.\0006\000.\0001\000\040\000D\000e\000t\000a\000i\000l\000e\000d\000\040\000D\000e\000s\000c\000r\000i\000p\000t\000i\000o\000n}{section.6.6}% 63
\BOOKMARK [2][-]{subsection.6.6.2}{\376\377\0006\000.\0006\000.\0002\000\040\000V\000a\000r\000i\000a\000b\000l\000e\000\040\000D\000o\000c\000u\000m\000e\000n\000t\000a\000t\000i\000o\000n}{section.6.6}% 64
\BOOKMARK [3][-]{subsubsection.6.6.2.1}{\376\377\0006\000.\0006\000.\0002\000.\0001\000\040\000a\000u\000t\000o\000e\000n\000c\000o\000d\000e\000r}{subsection.6.6.2}% 65
\BOOKMARK [3][-]{subsubsection.6.6.2.2}{\376\377\0006\000.\0006\000.\0002\000.\0002\000\040\000b\000e\000s\000t\000\137\000c\000o\000r\000r\000e\000l\000a\000t\000i\000o\000n}{subsection.6.6.2}% 66
\BOOKMARK [3][-]{subsubsection.6.6.2.3}{\376\377\0006\000.\0006\000.\0002\000.\0003\000\040\000b\000e\000s\000t\000\137\000m\000e\000t\000h\000o\000d}{subsection.6.6.2}% 67
\BOOKMARK [3][-]{subsubsection.6.6.2.4}{\376\377\0006\000.\0006\000.\0002\000.\0004\000\040\000b\000e\000s\000t\000\137\000r\000e\000c\000o\000n\000s\000t\000r\000u\000c\000t\000i\000o\000n}{subsection.6.6.2}% 68
\BOOKMARK [3][-]{subsubsection.6.6.2.5}{\376\377\0006\000.\0006\000.\0002\000.\0005\000\040\000c\000h\000e\000c\000k\000p\000o\000i\000n\000t}{subsection.6.6.2}% 69
\BOOKMARK [3][-]{subsubsection.6.6.2.6}{\376\377\0006\000.\0006\000.\0002\000.\0006\000\040\000c\000o\000n\000f\000i\000g}{subsection.6.6.2}% 70
\BOOKMARK [3][-]{subsubsection.6.6.2.7}{\376\377\0006\000.\0006\000.\0002\000.\0007\000\040\000c\000o\000r\000r\000e\000l\000a\000t\000i\000o\000n}{subsection.6.6.2}% 71
\BOOKMARK [3][-]{subsubsection.6.6.2.8}{\376\377\0006\000.\0006\000.\0002\000.\0008\000\040\000d\000e\000c\000o\000d\000e\000d}{subsection.6.6.2}% 72
\BOOKMARK [3][-]{subsubsection.6.6.2.9}{\376\377\0006\000.\0006\000.\0002\000.\0009\000\040\000d\000e\000v\000i\000c\000e}{subsection.6.6.2}% 73
\BOOKMARK [3][-]{subsubsection.6.6.2.10}{\376\377\0006\000.\0006\000.\0002\000.\0001\0000\000\040\000e\000n\000c\000o\000d\000e\000d}{subsection.6.6.2}% 74
\BOOKMARK [3][-]{subsubsection.6.6.2.11}{\376\377\0006\000.\0006\000.\0002\000.\0001\0001\000\040\000e\000n\000e\000r\000g\000y\000\137\000n\000o\000r\000m\000a\000l\000i\000z\000a\000t\000i\000o\000n\000s}{subsection.6.6.2}% 75
\BOOKMARK [3][-]{subsubsection.6.6.2.12}{\376\377\0006\000.\0006\000.\0002\000.\0001\0002\000\040\000e\000n\000e\000r\000g\000y\000\137\000v\000a\000l\000u\000e}{subsection.6.6.2}% 76
\BOOKMARK [3][-]{subsubsection.6.6.2.13}{\376\377\0006\000.\0006\000.\0002\000.\0001\0003\000\040\000f\000o\000r\000m\000a\000t}{subsection.6.6.2}% 77
\BOOKMARK [3][-]{subsubsection.6.6.2.14}{\376\377\0006\000.\0006\000.\0002\000.\0001\0004\000\040\000g\000r\000o\000u\000n\000d\000\137\000t\000r\000u\000t\000h}{subsection.6.6.2}% 78
\BOOKMARK [3][-]{subsubsection.6.6.2.15}{\376\377\0006\000.\0006\000.\0002\000.\0001\0005\000\040\000g\000r\000o\000u\000n\000d\000\137\000t\000r\000u\000t\000h\000\137\000r\000e\000s\000i\000z\000e\000d}{subsection.6.6.2}% 79
\BOOKMARK [3][-]{subsubsection.6.6.2.16}{\376\377\0006\000.\0006\000.\0002\000.\0001\0006\000\040\000g\000r\000o\000u\000n\000d\000\137\000t\000r\000u\000t\000h\000\137\000t\000e\000n\000s\000o\000r}{subsection.6.6.2}% 80
\BOOKMARK [3][-]{subsubsection.6.6.2.17}{\376\377\0006\000.\0006\000.\0002\000.\0001\0007\000\040\000I\000N\000F\000O}{subsection.6.6.2}% 81
\BOOKMARK [3][-]{subsubsection.6.6.2.18}{\376\377\0006\000.\0006\000.\0002\000.\0001\0008\000\040\000i\000n\000p\000u\000t\000\137\0002\000c\000h\000a\000n\000n\000e\000l}{subsection.6.6.2}% 82
\BOOKMARK [3][-]{subsubsection.6.6.2.19}{\376\377\0006\000.\0006\000.\0002\000.\0001\0009\000\040\000i\000n\000p\000u\000t\000\137\000d\000a\000t\000a}{subsection.6.6.2}% 83
\BOOKMARK [3][-]{subsubsection.6.6.2.20}{\376\377\0006\000.\0006\000.\0002\000.\0002\0000\000\040\000i\000n\000p\000u\000t\000\137\000f\000i\000l\000e}{subsection.6.6.2}% 84
\BOOKMARK [3][-]{subsubsection.6.6.2.21}{\376\377\0006\000.\0006\000.\0002\000.\0002\0001\000\040\000i\000n\000p\000u\000t\000\137\000r\000e\000s\000i\000z\000e\000d}{subsection.6.6.2}% 85
\BOOKMARK [3][-]{subsubsection.6.6.2.22}{\376\377\0006\000.\0006\000.\0002\000.\0002\0002\000\040\000i\000n\000p\000u\000t\000\137\000t\000e\000n\000s\000o\000r}{subsection.6.6.2}% 86
\BOOKMARK [3][-]{subsubsection.6.6.2.23}{\376\377\0006\000.\0006\000.\0002\000.\0002\0003\000\040\000l\000a\000t\000e\000n\000t}{subsection.6.6.2}% 87
\BOOKMARK [3][-]{subsubsection.6.6.2.24}{\376\377\0006\000.\0006\000.\0002\000.\0002\0004\000\040\000l\000e\000v\000e\000l}{subsection.6.6.2}% 88
\BOOKMARK [3][-]{subsubsection.6.6.2.25}{\376\377\0006\000.\0006\000.\0002\000.\0002\0005\000\040\000m\000a\000e}{subsection.6.6.2}% 89
\BOOKMARK [3][-]{subsubsection.6.6.2.26}{\376\377\0006\000.\0006\000.\0002\000.\0002\0006\000\040\000m\000o\000d\000e\000l\000\137\000p\000a\000t\000h}{subsection.6.6.2}% 90
\BOOKMARK [3][-]{subsubsection.6.6.2.27}{\376\377\0006\000.\0006\000.\0002\000.\0002\0007\000\040\000m\000s\000e}{subsection.6.6.2}% 91
\BOOKMARK [3][-]{subsubsection.6.6.2.28}{\376\377\0006\000.\0006\000.\0002\000.\0002\0008\000\040\000o\000u\000t\000p\000u\000t\000\137\000f\000i\000l\000e}{subsection.6.6.2}% 92
\BOOKMARK [3][-]{subsubsection.6.6.2.29}{\376\377\0006\000.\0006\000.\0002\000.\0002\0009\000\040\000r\000e\000c\000o\000n\000s\000t\000r\000u\000c\000t\000i\000o\000n}{subsection.6.6.2}% 93
\BOOKMARK [3][-]{subsubsection.6.6.2.30}{\376\377\0006\000.\0006\000.\0002\000.\0003\0000\000\040\000r\000e\000c\000o\000n\000s\000t\000r\000u\000c\000t\000i\000o\000n\000\137\000f\000u\000l\000l}{subsection.6.6.2}% 94
\BOOKMARK [3][-]{subsubsection.6.6.2.31}{\376\377\0006\000.\0006\000.\0002\000.\0003\0001\000\040\000r\000e\000c\000o\000n\000s\000t\000r\000u\000c\000t\000i\000o\000n\000\137\000n\000p}{subsection.6.6.2}% 95
\BOOKMARK [3][-]{subsubsection.6.6.2.32}{\376\377\0006\000.\0006\000.\0002\000.\0003\0002\000\040\000t\000r\000a\000i\000n\000i\000n\000g\000\137\000c\000u\000b\000e\000\137\000s\000i\000z\000e}{subsection.6.6.2}% 96
\BOOKMARK [1][-]{section.6.7}{\376\377\0006\000.\0007\000\040\000d\000e\000b\000u\000g\000\137\000t\000r\000a\000i\000n\000i\000n\000g\000\137\000d\000a\000t\000a\000\040\000N\000a\000m\000e\000s\000p\000a\000c\000e\000\040\000R\000e\000f\000e\000r\000e\000n\000c\000e}{chapter.6}% 97
\BOOKMARK [2][-]{subsection.6.7.1}{\376\377\0006\000.\0007\000.\0001\000\040\000D\000e\000t\000a\000i\000l\000e\000d\000\040\000D\000e\000s\000c\000r\000i\000p\000t\000i\000o\000n}{section.6.7}% 98
\BOOKMARK [2][-]{subsection.6.7.2}{\376\377\0006\000.\0007\000.\0002\000\040\000V\000a\000r\000i\000a\000b\000l\000e\000\040\000D\000o\000c\000u\000m\000e\000n\000t\000a\000t\000i\000o\000n}{section.6.7}% 99
\BOOKMARK [3][-]{subsubsection.6.7.2.1}{\376\377\0006\000.\0007\000.\0002\000.\0001\000\040\000\137}{subsection.6.7.2}% 100
\BOOKMARK [3][-]{subsubsection.6.7.2.2}{\376\377\0006\000.\0007\000.\0002\000.\0002\000\040\000a\000u\000t\000o\000e\000n\000c\000o\000d\000e\000r}{subsection.6.7.2}% 101
\BOOKMARK [3][-]{subsubsection.6.7.2.3}{\376\377\0006\000.\0007\000.\0002\000.\0003\000\040\000c\000h\000e\000c\000k\000p\000o\000i\000n\000t}{subsection.6.7.2}% 102
\BOOKMARK [3][-]{subsubsection.6.7.2.4}{\376\377\0006\000.\0007\000.\0002\000.\0004\000\040\000c\000o\000r\000r\000e\000l\000a\000t\000i\000o\000n}{subsection.6.7.2}% 103
\BOOKMARK [3][-]{subsubsection.6.7.2.5}{\376\377\0006\000.\0007\000.\0002\000.\0005\000\040\000d\000a\000t\000a\000\137\000l\000o\000a\000d\000e\000r}{subsection.6.7.2}% 104
\BOOKMARK [3][-]{subsubsection.6.7.2.6}{\376\377\0006\000.\0007\000.\0002\000.\0006\000\040\000d\000e\000c\000o\000d\000e\000d}{subsection.6.7.2}% 105
\BOOKMARK [3][-]{subsubsection.6.7.2.7}{\376\377\0006\000.\0007\000.\0002\000.\0007\000\040\000d\000e\000v\000i\000c\000e}{subsection.6.7.2}% 106
\BOOKMARK [3][-]{subsubsection.6.7.2.8}{\376\377\0006\000.\0007\000.\0002\000.\0008\000\040\000e\000n\000c\000o\000d\000e\000d}{subsection.6.7.2}% 107
\BOOKMARK [3][-]{subsubsection.6.7.2.9}{\376\377\0006\000.\0007\000.\0002\000.\0009\000\040\000e\000n\000e\000r\000g\000i\000e\000s}{subsection.6.7.2}% 108
\BOOKMARK [3][-]{subsubsection.6.7.2.10}{\376\377\0006\000.\0007\000.\0002\000.\0001\0000\000\040\000e\000n\000e\000r\000g\000y\000\137\000b\000a\000t\000c\000h}{subsection.6.7.2}% 109
\BOOKMARK [3][-]{subsubsection.6.7.2.11}{\376\377\0006\000.\0007\000.\0002\000.\0001\0001\000\040\000i\000n\000p\000u\000t\000\137\000b\000a\000t\000c\000h}{subsection.6.7.2}% 110
\BOOKMARK [3][-]{subsubsection.6.7.2.12}{\376\377\0006\000.\0007\000.\0002\000.\0001\0002\000\040\000i\000n\000p\000u\000t\000\137\000d\000a\000t\000a}{subsection.6.7.2}% 111
\BOOKMARK [3][-]{subsubsection.6.7.2.13}{\376\377\0006\000.\0007\000.\0002\000.\0001\0003\000\040\000l\000a\000t\000e\000n\000t}{subsection.6.7.2}% 112
\BOOKMARK [3][-]{subsubsection.6.7.2.14}{\376\377\0006\000.\0007\000.\0002\000.\0001\0004\000\040\000m\000o\000d\000e\000l\000\137\000p\000a\000t\000h}{subsection.6.7.2}% 113
\BOOKMARK [3][-]{subsubsection.6.7.2.15}{\376\377\0006\000.\0007\000.\0002\000.\0001\0005\000\040\000o\000u\000t\000p\000u\000t\000\137\000b\000a\000t\000c\000h}{subsection.6.7.2}% 114
\BOOKMARK [3][-]{subsubsection.6.7.2.16}{\376\377\0006\000.\0007\000.\0002\000.\0001\0006\000\040\000o\000u\000t\000p\000u\000t\000\137\000d\000a\000t\000a}{subsection.6.7.2}% 115
\BOOKMARK [3][-]{subsubsection.6.7.2.17}{\376\377\0006\000.\0007\000.\0002\000.\0001\0007\000\040\000o\000u\000t\000p\000u\000t\000\137\000f\000i\000l\000e\000s}{subsection.6.7.2}% 116
\BOOKMARK [3][-]{subsubsection.6.7.2.18}{\376\377\0006\000.\0007\000.\0002\000.\0001\0008\000\040\000r\000e\000c\000o\000n\000s\000t\000r\000u\000c\000t\000i\000o\000n}{subsection.6.7.2}% 117
\BOOKMARK [3][-]{subsubsection.6.7.2.19}{\376\377\0006\000.\0007\000.\0002\000.\0001\0009\000\040\000t\000e\000s\000t\000\137\000f\000i\000l\000e\000s}{subsection.6.7.2}% 118
\BOOKMARK [3][-]{subsubsection.6.7.2.20}{\376\377\0006\000.\0007\000.\0002\000.\0002\0000\000\040\000t\000e\000s\000t\000\137\000i\000n\000p\000u\000t}{subsection.6.7.2}% 119
\BOOKMARK [3][-]{subsubsection.6.7.2.21}{\376\377\0006\000.\0007\000.\0002\000.\0002\0001\000\040\000t\000e\000s\000t\000\137\000o\000u\000t\000p\000u\000t}{subsection.6.7.2}% 120
\BOOKMARK [3][-]{subsubsection.6.7.2.22}{\376\377\0006\000.\0007\000.\0002\000.\0002\0002\000\040\000t\000r\000a\000i\000n\000\137\000l\000o\000a\000d\000e\000r}{subsection.6.7.2}% 121
\BOOKMARK [3][-]{subsubsection.6.7.2.23}{\376\377\0006\000.\0007\000.\0002\000.\0002\0003\000\040\000v\000a\000l\000\137\000l\000o\000a\000d\000e\000r}{subsection.6.7.2}% 122
\BOOKMARK [1][-]{section.6.8}{\376\377\0006\000.\0008\000\040\000d\000e\000b\000u\000g\000\137\000v\000i\000s\000u\000a\000l\000i\000z\000a\000t\000i\000o\000n\000\040\000N\000a\000m\000e\000s\000p\000a\000c\000e\000\040\000R\000e\000f\000e\000r\000e\000n\000c\000e}{chapter.6}% 123
\BOOKMARK [2][-]{subsection.6.8.1}{\376\377\0006\000.\0008\000.\0001\000\040\000F\000u\000n\000c\000t\000i\000o\000n\000\040\000D\000o\000c\000u\000m\000e\000n\000t\000a\000t\000i\000o\000n}{section.6.8}% 124
\BOOKMARK [3][-]{subsubsection.6.8.1.1}{\376\377\0006\000.\0008\000.\0001\000.\0001\000\040\000c\000r\000e\000a\000t\000e\000\137\000s\000l\000i\000c\000e\000\137\000c\000o\000m\000p\000a\000r\000i\000s\000o\000n\000\050\000\051}{subsection.6.8.1}% 125
\BOOKMARK [3][-]{subsubsection.6.8.1.2}{\376\377\0006\000.\0008\000.\0001\000.\0002\000\040\000v\000i\000s\000u\000a\000l\000i\000z\000e\000\137\000d\000o\000s\000e\000\137\000d\000i\000s\000t\000r\000i\000b\000u\000t\000i\000o\000n\000\050\000\051}{subsection.6.8.1}% 126
\BOOKMARK [2][-]{subsection.6.8.2}{\376\377\0006\000.\0008\000.\0002\000\040\000V\000a\000r\000i\000a\000b\000l\000e\000\040\000D\000o\000c\000u\000m\000e\000n\000t\000a\000t\000i\000o\000n}{section.6.8}% 127
\BOOKMARK [3][-]{subsubsection.6.8.2.1}{\376\377\0006\000.\0008\000.\0002\000.\0001\000\040\000c\000u\000b\000e\000\137\000p\000a\000t\000h}{subsection.6.8.2}% 128
\BOOKMARK [3][-]{subsubsection.6.8.2.2}{\376\377\0006\000.\0008\000.\0002\000.\0002\000\040\000f\000i\000g}{subsection.6.8.2}% 129
\BOOKMARK [1][-]{section.6.9}{\376\377\0006\000.\0009\000\040\000g\000a\000u\000s\000s\000i\000a\000n\000\137\000q\000u\000a\000d\000r\000a\000t\000u\000r\000e\000\137\000i\000n\000f\000e\000r\000e\000n\000c\000e\000\040\000N\000a\000m\000e\000s\000p\000a\000c\000e\000\040\000R\000e\000f\000e\000r\000e\000n\000c\000e}{chapter.6}% 130
\BOOKMARK [2][-]{subsection.6.9.1}{\376\377\0006\000.\0009\000.\0001\000\040\000D\000e\000t\000a\000i\000l\000e\000d\000\040\000D\000e\000s\000c\000r\000i\000p\000t\000i\000o\000n}{section.6.9}% 131
\BOOKMARK [2][-]{subsection.6.9.2}{\376\377\0006\000.\0009\000.\0002\000\040\000F\000u\000n\000c\000t\000i\000o\000n\000\040\000D\000o\000c\000u\000m\000e\000n\000t\000a\000t\000i\000o\000n}{section.6.9}% 132
\BOOKMARK [3][-]{subsubsection.6.9.2.1}{\376\377\0006\000.\0009\000.\0002\000.\0001\000\040\000c\000r\000e\000a\000t\000e\000\137\000v\000i\000s\000u\000a\000l\000i\000z\000a\000t\000i\000o\000n\000\050\000\051}{subsection.6.9.2}% 133
\BOOKMARK [3][-]{subsubsection.6.9.2.2}{\376\377\0006\000.\0009\000.\0002\000.\0002\000\040\000e\000x\000t\000r\000a\000c\000t\000\137\000e\000n\000e\000r\000g\000y\000\137\000m\000o\000d\000e\000l\000s\000\050\000\051}{subsection.6.9.2}% 134
\BOOKMARK [3][-]{subsubsection.6.9.2.3}{\376\377\0006\000.\0009\000.\0002\000.\0003\000\040\000l\000o\000a\000d\000\137\000c\000o\000m\000b\000i\000n\000e\000d\000\137\000c\000h\000e\000c\000k\000p\000o\000i\000n\000t\000\050\000\051}{subsection.6.9.2}% 135
\BOOKMARK [3][-]{subsubsection.6.9.2.4}{\376\377\0006\000.\0009\000.\0002\000.\0004\000\040\000l\000o\000a\000d\000\137\000c\000t\000\050\000\051}{subsection.6.9.2}% 136
\BOOKMARK [3][-]{subsubsection.6.9.2.5}{\376\377\0006\000.\0009\000.\0002\000.\0005\000\040\000m\000a\000i\000n\000\050\000\051}{subsection.6.9.2}% 137
\BOOKMARK [3][-]{subsubsection.6.9.2.6}{\376\377\0006\000.\0009\000.\0002\000.\0006\000\040\000r\000u\000n\000\137\000g\000a\000u\000s\000s\000i\000a\000n\000\137\000q\000u\000a\000d\000r\000a\000t\000u\000r\000e\000\137\000i\000n\000f\000e\000r\000e\000n\000c\000e\000\050\000\051}{subsection.6.9.2}% 138
\BOOKMARK [3][-]{subsubsection.6.9.2.7}{\376\377\0006\000.\0009\000.\0002\000.\0007\000\040\000s\000a\000v\000e\000\137\000d\000o\000s\000e\000\050\000\051}{subsection.6.9.2}% 139
\BOOKMARK [3][-]{subsubsection.6.9.2.8}{\376\377\0006\000.\0009\000.\0002\000.\0008\000\040\000s\000e\000t\000u\000p\000\137\000l\000o\000g\000g\000i\000n\000g\000\050\000\051}{subsection.6.9.2}% 140
\BOOKMARK [2][-]{subsection.6.9.3}{\376\377\0006\000.\0009\000.\0003\000\040\000V\000a\000r\000i\000a\000b\000l\000e\000\040\000D\000o\000c\000u\000m\000e\000n\000t\000a\000t\000i\000o\000n}{section.6.9}% 141
\BOOKMARK [3][-]{subsubsection.6.9.3.1}{\376\377\0006\000.\0009\000.\0003\000.\0001\000\040\000h\000a\000s\000\137\000n\000i\000b\000a\000b\000e\000l}{subsection.6.9.3}% 142
\BOOKMARK [1][-]{section.6.10}{\376\377\0006\000.\0001\0000\000\040\000g\000u\000i\000\040\000N\000a\000m\000e\000s\000p\000a\000c\000e\000\040\000R\000e\000f\000e\000r\000e\000n\000c\000e}{chapter.6}% 143
\BOOKMARK [2][-]{subsection.6.10.1}{\376\377\0006\000.\0001\0000\000.\0001\000\040\000F\000u\000n\000c\000t\000i\000o\000n\000\040\000D\000o\000c\000u\000m\000e\000n\000t\000a\000t\000i\000o\000n}{section.6.10}% 144
\BOOKMARK [3][-]{subsubsection.6.10.1.1}{\376\377\0006\000.\0001\0000\000.\0001\000.\0001\000\040\000h\000a\000n\000d\000l\000e\000\137\000e\000x\000c\000e\000p\000t\000i\000o\000n\000\050\000\051}{subsection.6.10.1}% 145
\BOOKMARK [2][-]{subsection.6.10.2}{\376\377\0006\000.\0001\0000\000.\0002\000\040\000V\000a\000r\000i\000a\000b\000l\000e\000\040\000D\000o\000c\000u\000m\000e\000n\000t\000a\000t\000i\000o\000n}{section.6.10}% 146
\BOOKMARK [3][-]{subsubsection.6.10.2.1}{\376\377\0006\000.\0001\0000\000.\0002\000.\0001\000\040\000a\000p\000p}{subsection.6.10.2}% 147
\BOOKMARK [3][-]{subsubsection.6.10.2.2}{\376\377\0006\000.\0001\0000\000.\0002\000.\0002\000\040\000c\000o\000n\000s\000o\000l\000e\000\137\000h\000a\000n\000d\000l\000e\000r}{subsection.6.10.2}% 148
\BOOKMARK [3][-]{subsubsection.6.10.2.3}{\376\377\0006\000.\0001\0000\000.\0002\000.\0003\000\040\000e\000x\000c\000e\000p\000t\000h\000o\000o\000k}{subsection.6.10.2}% 149
\BOOKMARK [3][-]{subsubsection.6.10.2.4}{\376\377\0006\000.\0001\0000\000.\0002\000.\0004\000\040\000f\000o\000r\000m\000a\000t\000t\000e\000r}{subsection.6.10.2}% 150
\BOOKMARK [3][-]{subsubsection.6.10.2.5}{\376\377\0006\000.\0001\0000\000.\0002\000.\0005\000\040\000l\000o\000g\000g\000e\000r}{subsection.6.10.2}% 151
\BOOKMARK [3][-]{subsubsection.6.10.2.6}{\376\377\0006\000.\0001\0000\000.\0002\000.\0006\000\040\000r\000o\000o\000t\000\137\000l\000o\000g\000g\000e\000r}{subsection.6.10.2}% 152
\BOOKMARK [3][-]{subsubsection.6.10.2.7}{\376\377\0006\000.\0001\0000\000.\0002\000.\0007\000\040\000w\000i\000n\000d\000o\000w}{subsection.6.10.2}% 153
\BOOKMARK [1][-]{section.6.11}{\376\377\0006\000.\0001\0001\000\040\000h\000o\000t\000s\000p\000o\000t\000\137\000p\000a\000t\000c\000h\000\137\000s\000a\000m\000p\000l\000e\000r\000\040\000N\000a\000m\000e\000s\000p\000a\000c\000e\000\040\000R\000e\000f\000e\000r\000e\000n\000c\000e}{chapter.6}% 154
\BOOKMARK [2][-]{subsection.6.11.1}{\376\377\0006\000.\0001\0001\000.\0001\000\040\000F\000u\000n\000c\000t\000i\000o\000n\000\040\000D\000o\000c\000u\000m\000e\000n\000t\000a\000t\000i\000o\000n}{section.6.11}% 155
\BOOKMARK [3][-]{subsubsection.6.11.1.1}{\376\377\0006\000.\0001\0001\000.\0001\000.\0001\000\040\000e\000x\000t\000r\000a\000c\000t\000\137\000h\000o\000t\000s\000p\000o\000t\000\137\000p\000a\000t\000c\000h\000e\000s\000\050\000\051}{subsection.6.11.1}% 156
\BOOKMARK [1][-]{section.6.12}{\376\377\0006\000.\0001\0002\000\040\000i\000n\000f\000e\000r\000e\000n\000c\000e\000\137\000m\000o\000d\000u\000l\000e\000\040\000N\000a\000m\000e\000s\000p\000a\000c\000e\000\040\000R\000e\000f\000e\000r\000e\000n\000c\000e}{chapter.6}% 157
\BOOKMARK [2][-]{subsection.6.12.1}{\376\377\0006\000.\0001\0002\000.\0001\000\040\000V\000a\000r\000i\000a\000b\000l\000e\000\040\000D\000o\000c\000u\000m\000e\000n\000t\000a\000t\000i\000o\000n}{section.6.12}% 158
\BOOKMARK [3][-]{subsubsection.6.12.1.1}{\376\377\0006\000.\0001\0002\000.\0001\000.\0001\000\040\000l\000o\000g\000g\000e\000r}{subsection.6.12.1}% 159
\BOOKMARK [1][-]{section.6.13}{\376\377\0006\000.\0001\0003\000\040\000i\000n\000f\000e\000r\000e\000n\000c\000e\000\137\000m\000o\000d\000u\000l\000e\000\137\000s\000t\000a\000n\000d\000a\000l\000o\000n\000e\000\040\000N\000a\000m\000e\000s\000p\000a\000c\000e\000\040\000R\000e\000f\000e\000r\000e\000n\000c\000e}{chapter.6}% 160
\BOOKMARK [2][-]{subsection.6.13.1}{\376\377\0006\000.\0001\0003\000.\0001\000\040\000D\000e\000t\000a\000i\000l\000e\000d\000\040\000D\000e\000s\000c\000r\000i\000p\000t\000i\000o\000n}{section.6.13}% 161
\BOOKMARK [2][-]{subsection.6.13.2}{\376\377\0006\000.\0001\0003\000.\0002\000\040\000F\000u\000n\000c\000t\000i\000o\000n\000\040\000D\000o\000c\000u\000m\000e\000n\000t\000a\000t\000i\000o\000n}{section.6.13}% 162
\BOOKMARK [3][-]{subsubsection.6.13.2.1}{\376\377\0006\000.\0001\0003\000.\0002\000.\0001\000\040\000c\000r\000e\000a\000t\000e\000\137\000d\000o\000s\000e\000\137\000v\000i\000s\000u\000a\000l\000i\000z\000a\000t\000i\000o\000n\000\050\000\051}{subsection.6.13.2}% 163
\BOOKMARK [3][-]{subsubsection.6.13.2.2}{\376\377\0006\000.\0001\0003\000.\0002\000.\0002\000\040\000g\000e\000t\000\137\000g\000a\000u\000s\000s\000i\000a\000n\000\137\000q\000u\000a\000d\000r\000a\000t\000u\000r\000e\000\137\0004\000p\000o\000i\000n\000t\000\050\000\051}{subsection.6.13.2}% 164
\BOOKMARK [3][-]{subsubsection.6.13.2.3}{\376\377\0006\000.\0001\0003\000.\0002\000.\0003\000\040\000l\000o\000a\000d\000\137\000c\000t\000\050\000\051}{subsection.6.13.2}% 165
\BOOKMARK [3][-]{subsubsection.6.13.2.4}{\376\377\0006\000.\0001\0003\000.\0002\000.\0004\000\040\000l\000o\000a\000d\000\137\000m\000o\000d\000e\000l\000s\000\137\000f\000r\000o\000m\000\137\000c\000h\000e\000c\000k\000p\000o\000i\000n\000t\000\050\000\051}{subsection.6.13.2}% 166
\BOOKMARK [3][-]{subsubsection.6.13.2.5}{\376\377\0006\000.\0001\0003\000.\0002\000.\0005\000\040\000m\000a\000i\000n\000\050\000\051}{subsection.6.13.2}% 167
\BOOKMARK [3][-]{subsubsection.6.13.2.6}{\376\377\0006\000.\0001\0003\000.\0002\000.\0006\000\040\000s\000a\000v\000e\000\137\000d\000o\000s\000e\000\050\000\051}{subsection.6.13.2}% 168
\BOOKMARK [3][-]{subsubsection.6.13.2.7}{\376\377\0006\000.\0001\0003\000.\0002\000.\0007\000\040\000s\000a\000v\000e\000\137\000n\000i\000f\000t\000i\000\137\000w\000i\000t\000h\000\137\000m\000a\000n\000i\000f\000e\000s\000t\000\050\000\051}{subsection.6.13.2}% 169
\BOOKMARK [2][-]{subsection.6.13.3}{\376\377\0006\000.\0001\0003\000.\0003\000\040\000V\000a\000r\000i\000a\000b\000l\000e\000\040\000D\000o\000c\000u\000m\000e\000n\000t\000a\000t\000i\000o\000n}{section.6.13}% 170
\BOOKMARK [3][-]{subsubsection.6.13.3.1}{\376\377\0006\000.\0001\0003\000.\0003\000.\0001\000\040\000h\000a\000s\000\137\000n\000i\000b\000a\000b\000e\000l}{subsection.6.13.3}% 171
\BOOKMARK [1][-]{section.6.14}{\376\377\0006\000.\0001\0004\000\040\000l\000o\000g\000\137\000c\000o\000n\000f\000i\000g\000\040\000N\000a\000m\000e\000s\000p\000a\000c\000e\000\040\000R\000e\000f\000e\000r\000e\000n\000c\000e}{chapter.6}% 172
\BOOKMARK [2][-]{subsection.6.14.1}{\376\377\0006\000.\0001\0004\000.\0001\000\040\000F\000u\000n\000c\000t\000i\000o\000n\000\040\000D\000o\000c\000u\000m\000e\000n\000t\000a\000t\000i\000o\000n}{section.6.14}% 173
\BOOKMARK [3][-]{subsubsection.6.14.1.1}{\376\377\0006\000.\0001\0004\000.\0001\000.\0001\000\040\000c\000o\000n\000f\000i\000g\000u\000r\000e\000\137\000l\000o\000g\000g\000i\000n\000g\000\050\000\051}{subsection.6.14.1}% 174
\BOOKMARK [2][-]{subsection.6.14.2}{\376\377\0006\000.\0001\0004\000.\0002\000\040\000V\000a\000r\000i\000a\000b\000l\000e\000\040\000D\000o\000c\000u\000m\000e\000n\000t\000a\000t\000i\000o\000n}{section.6.14}% 175
\BOOKMARK [3][-]{subsubsection.6.14.2.1}{\376\377\0006\000.\0001\0004\000.\0002\000.\0001\000\040\000l\000o\000g\000g\000e\000r}{subsection.6.14.2}% 176
\BOOKMARK [1][-]{section.6.15}{\376\377\0006\000.\0001\0005\000\040\000p\000a\000r\000a\000m\000e\000t\000e\000r\000\137\000m\000a\000n\000a\000g\000e\000r\000\040\000N\000a\000m\000e\000s\000p\000a\000c\000e\000\040\000R\000e\000f\000e\000r\000e\000n\000c\000e}{chapter.6}% 177
\BOOKMARK [2][-]{subsection.6.15.1}{\376\377\0006\000.\0001\0005\000.\0001\000\040\000V\000a\000r\000i\000a\000b\000l\000e\000\040\000D\000o\000c\000u\000m\000e\000n\000t\000a\000t\000i\000o\000n}{section.6.15}% 178
\BOOKMARK [3][-]{subsubsection.6.15.1.1}{\376\377\0006\000.\0001\0005\000.\0001\000.\0001\000\040\000l\000o\000g\000g\000e\000r}{subsection.6.15.1}% 179
\BOOKMARK [1][-]{section.6.16}{\376\377\0006\000.\0001\0006\000\040\000s\000i\000m\000p\000l\000e\000\137\000i\000n\000f\000e\000r\000e\000n\000c\000e\000\137\000t\000e\000s\000t\000\040\000N\000a\000m\000e\000s\000p\000a\000c\000e\000\040\000R\000e\000f\000e\000r\000e\000n\000c\000e}{chapter.6}% 180
\BOOKMARK [2][-]{subsection.6.16.1}{\376\377\0006\000.\0001\0006\000.\0001\000\040\000D\000e\000t\000a\000i\000l\000e\000d\000\040\000D\000e\000s\000c\000r\000i\000p\000t\000i\000o\000n}{section.6.16}% 181
\BOOKMARK [2][-]{subsection.6.16.2}{\376\377\0006\000.\0001\0006\000.\0002\000\040\000F\000u\000n\000c\000t\000i\000o\000n\000\040\000D\000o\000c\000u\000m\000e\000n\000t\000a\000t\000i\000o\000n}{section.6.16}% 182
\BOOKMARK [3][-]{subsubsection.6.16.2.1}{\376\377\0006\000.\0001\0006\000.\0002\000.\0001\000\040\000m\000a\000i\000n\000\050\000\051}{subsection.6.16.2}% 183
\BOOKMARK [2][-]{subsection.6.16.3}{\376\377\0006\000.\0001\0006\000.\0003\000\040\000V\000a\000r\000i\000a\000b\000l\000e\000\040\000D\000o\000c\000u\000m\000e\000n\000t\000a\000t\000i\000o\000n}{section.6.16}% 184
\BOOKMARK [3][-]{subsubsection.6.16.3.1}{\376\377\0006\000.\0001\0006\000.\0003\000.\0001\000\040\000l\000e\000v\000e\000l}{subsection.6.16.3}% 185
\BOOKMARK [3][-]{subsubsection.6.16.3.2}{\376\377\0006\000.\0001\0006\000.\0003\000.\0002\000\040\000l\000o\000g\000g\000e\000r}{subsection.6.16.3}% 186
\BOOKMARK [1][-]{section.6.17}{\376\377\0006\000.\0001\0007\000\040\000s\000t\000a\000n\000d\000a\000l\000o\000n\000e\000\137\000t\000r\000a\000i\000n\000i\000n\000g\000\040\000N\000a\000m\000e\000s\000p\000a\000c\000e\000\040\000R\000e\000f\000e\000r\000e\000n\000c\000e}{chapter.6}% 187
\BOOKMARK [2][-]{subsection.6.17.1}{\376\377\0006\000.\0001\0007\000.\0001\000\040\000D\000e\000t\000a\000i\000l\000e\000d\000\040\000D\000e\000s\000c\000r\000i\000p\000t\000i\000o\000n}{section.6.17}% 188
\BOOKMARK [2][-]{subsection.6.17.2}{\376\377\0006\000.\0001\0007\000.\0002\000\040\000F\000u\000n\000c\000t\000i\000o\000n\000\040\000D\000o\000c\000u\000m\000e\000n\000t\000a\000t\000i\000o\000n}{section.6.17}% 189
\BOOKMARK [3][-]{subsubsection.6.17.2.1}{\376\377\0006\000.\0001\0007\000.\0002\000.\0001\000\040\000d\000e\000t\000e\000r\000m\000i\000n\000e\000\137\000c\000u\000b\000e\000\137\000s\000i\000z\000e\000\050\000\051}{subsection.6.17.2}% 190
\BOOKMARK [3][-]{subsubsection.6.17.2.2}{\376\377\0006\000.\0001\0007\000.\0002\000.\0002\000\040\000g\000e\000t\000\137\000e\000n\000e\000r\000g\000y\000\137\000l\000i\000s\000t\000\050\000\051}{subsection.6.17.2}% 191
\BOOKMARK [3][-]{subsubsection.6.17.2.3}{\376\377\0006\000.\0001\0007\000.\0002\000.\0003\000\040\000m\000a\000i\000n\000\050\000\051}{subsection.6.17.2}% 192
\BOOKMARK [3][-]{subsubsection.6.17.2.4}{\376\377\0006\000.\0001\0007\000.\0002\000.\0004\000\040\000p\000a\000r\000s\000e\000\137\000a\000r\000g\000u\000m\000e\000n\000t\000s\000\050\000\051}{subsection.6.17.2}% 193
\BOOKMARK [3][-]{subsubsection.6.17.2.5}{\376\377\0006\000.\0001\0007\000.\0002\000.\0005\000\040\000s\000e\000t\000u\000p\000\137\000d\000e\000v\000i\000c\000e\000\050\000\051}{subsection.6.17.2}% 194
\BOOKMARK [3][-]{subsubsection.6.17.2.6}{\376\377\0006\000.\0001\0007\000.\0002\000.\0006\000\040\000v\000a\000l\000i\000d\000a\000t\000e\000\137\000i\000n\000p\000u\000t\000\137\000f\000o\000l\000d\000e\000r\000\050\000\051}{subsection.6.17.2}% 195
\BOOKMARK [2][-]{subsection.6.17.3}{\376\377\0006\000.\0001\0007\000.\0003\000\040\000V\000a\000r\000i\000a\000b\000l\000e\000\040\000D\000o\000c\000u\000m\000e\000n\000t\000a\000t\000i\000o\000n}{section.6.17}% 196
\BOOKMARK [3][-]{subsubsection.6.17.3.1}{\376\377\0006\000.\0001\0007\000.\0003\000.\0001\000\040\000l\000o\000g\000g\000e\000r}{subsection.6.17.3}% 197
\BOOKMARK [3][-]{subsubsection.6.17.3.2}{\376\377\0006\000.\0001\0007\000.\0003\000.\0002\000\040\000p\000r\000o\000j\000e\000c\000t\000\137\000r\000o\000o\000t}{subsection.6.17.3}% 198
\BOOKMARK [1][-]{section.6.18}{\376\377\0006\000.\0001\0008\000\040\000s\000t\000o\000r\000a\000g\000e\000\040\000N\000a\000m\000e\000s\000p\000a\000c\000e\000\040\000R\000e\000f\000e\000r\000e\000n\000c\000e}{chapter.6}% 199
\BOOKMARK [1][-]{section.6.19}{\376\377\0006\000.\0001\0009\000\040\000s\000y\000s\000t\000e\000m\000\137\000m\000a\000n\000a\000g\000e\000r\000\040\000N\000a\000m\000e\000s\000p\000a\000c\000e\000\040\000R\000e\000f\000e\000r\000e\000n\000c\000e}{chapter.6}% 200
\BOOKMARK [2][-]{subsection.6.19.1}{\376\377\0006\000.\0001\0009\000.\0001\000\040\000V\000a\000r\000i\000a\000b\000l\000e\000\040\000D\000o\000c\000u\000m\000e\000n\000t\000a\000t\000i\000o\000n}{section.6.19}% 201
\BOOKMARK [3][-]{subsubsection.6.19.1.1}{\376\377\0006\000.\0001\0009\000.\0001\000.\0001\000\040\000l\000o\000g\000g\000e\000r}{subsection.6.19.1}% 202
\BOOKMARK [1][-]{section.6.20}{\376\377\0006\000.\0002\0000\000\040\000s\000y\000s\000t\000e\000m\000a\000t\000i\000c\000\137\000d\000o\000s\000e\000\137\000d\000i\000a\000g\000n\000o\000s\000i\000s\000\040\000N\000a\000m\000e\000s\000p\000a\000c\000e\000\040\000R\000e\000f\000e\000r\000e\000n\000c\000e}{chapter.6}% 203
\BOOKMARK [2][-]{subsection.6.20.1}{\376\377\0006\000.\0002\0000\000.\0001\000\040\000D\000e\000t\000a\000i\000l\000e\000d\000\040\000D\000e\000s\000c\000r\000i\000p\000t\000i\000o\000n}{section.6.20}% 204
\BOOKMARK [2][-]{subsection.6.20.2}{\376\377\0006\000.\0002\0000\000.\0002\000\040\000F\000u\000n\000c\000t\000i\000o\000n\000\040\000D\000o\000c\000u\000m\000e\000n\000t\000a\000t\000i\000o\000n}{section.6.20}% 205
\BOOKMARK [3][-]{subsubsection.6.20.2.1}{\376\377\0006\000.\0002\0000\000.\0002\000.\0001\000\040\000m\000a\000i\000n\000\050\000\051}{subsection.6.20.2}% 206
\BOOKMARK [2][-]{subsection.6.20.3}{\376\377\0006\000.\0002\0000\000.\0003\000\040\000V\000a\000r\000i\000a\000b\000l\000e\000\040\000D\000o\000c\000u\000m\000e\000n\000t\000a\000t\000i\000o\000n}{section.6.20}% 207
\BOOKMARK [3][-]{subsubsection.6.20.3.1}{\376\377\0006\000.\0002\0000\000.\0003\000.\0001\000\040\000f\000o\000r\000m\000a\000t}{subsection.6.20.3}% 208
\BOOKMARK [3][-]{subsubsection.6.20.3.2}{\376\377\0006\000.\0002\0000\000.\0003\000.\0002\000\040\000h\000a\000s\000\137\000n\000i\000b\000a\000b\000e\000l}{subsection.6.20.3}% 209
\BOOKMARK [3][-]{subsubsection.6.20.3.3}{\376\377\0006\000.\0002\0000\000.\0003\000.\0003\000\040\000I\000N\000F\000O}{subsection.6.20.3}% 210
\BOOKMARK [3][-]{subsubsection.6.20.3.4}{\376\377\0006\000.\0002\0000\000.\0003\000.\0004\000\040\000l\000e\000v\000e\000l}{subsection.6.20.3}% 211
\BOOKMARK [3][-]{subsubsection.6.20.3.5}{\376\377\0006\000.\0002\0000\000.\0003\000.\0005\000\040\000l\000o\000g\000g\000e\000r}{subsection.6.20.3}% 212
\BOOKMARK [1][-]{section.6.21}{\376\377\0006\000.\0002\0001\000\040\000t\000e\000s\000t\000\137\000c\000r\000i\000t\000i\000c\000a\000l\000\137\000f\000i\000x\000e\000s\000\040\000N\000a\000m\000e\000s\000p\000a\000c\000e\000\040\000R\000e\000f\000e\000r\000e\000n\000c\000e}{chapter.6}% 213
\BOOKMARK [2][-]{subsection.6.21.1}{\376\377\0006\000.\0002\0001\000.\0001\000\040\000D\000e\000t\000a\000i\000l\000e\000d\000\040\000D\000e\000s\000c\000r\000i\000p\000t\000i\000o\000n}{section.6.21}% 214
\BOOKMARK [2][-]{subsection.6.21.2}{\376\377\0006\000.\0002\0001\000.\0002\000\040\000F\000u\000n\000c\000t\000i\000o\000n\000\040\000D\000o\000c\000u\000m\000e\000n\000t\000a\000t\000i\000o\000n}{section.6.21}% 215
\BOOKMARK [3][-]{subsubsection.6.21.2.1}{\376\377\0006\000.\0002\0001\000.\0002\000.\0001\000\040\000m\000a\000i\000n\000\050\000\051}{subsection.6.21.2}% 216
\BOOKMARK [3][-]{subsubsection.6.21.2.2}{\376\377\0006\000.\0002\0001\000.\0002\000.\0002\000\040\000t\000e\000s\000t\000\137\000d\000o\000s\000e\000\137\000f\000o\000c\000u\000s\000e\000d\000\137\000p\000r\000e\000p\000r\000o\000c\000e\000s\000s\000i\000n\000g\000\050\000\051}{subsection.6.21.2}% 217
\BOOKMARK [3][-]{subsubsection.6.21.2.3}{\376\377\0006\000.\0002\0001\000.\0002\000.\0003\000\040\000t\000e\000s\000t\000\137\000e\000x\000t\000r\000e\000m\000e\000\137\000l\000o\000s\000s\000\137\000f\000u\000n\000c\000t\000i\000o\000n\000s\000\050\000\051}{subsection.6.21.2}% 218
\BOOKMARK [3][-]{subsubsection.6.21.2.4}{\376\377\0006\000.\0002\0001\000.\0002\000.\0004\000\040\000t\000e\000s\000t\000\137\000r\000e\000a\000l\000i\000s\000t\000i\000c\000\137\000t\000r\000a\000i\000n\000i\000n\000g\000\137\000s\000c\000e\000n\000a\000r\000i\000o\000\050\000\051}{subsection.6.21.2}% 219
\BOOKMARK [3][-]{subsubsection.6.21.2.5}{\376\377\0006\000.\0002\0001\000.\0002\000.\0005\000\040\000t\000e\000s\000t\000\137\000s\000a\000m\000p\000l\000e\000\137\000f\000i\000l\000t\000e\000r\000i\000n\000g\000\050\000\051}{subsection.6.21.2}% 220
\BOOKMARK [2][-]{subsection.6.21.3}{\376\377\0006\000.\0002\0001\000.\0003\000\040\000V\000a\000r\000i\000a\000b\000l\000e\000\040\000D\000o\000c\000u\000m\000e\000n\000t\000a\000t\000i\000o\000n}{section.6.21}% 221
\BOOKMARK [3][-]{subsubsection.6.21.3.1}{\376\377\0006\000.\0002\0001\000.\0003\000.\0001\000\040\000l\000o\000g\000g\000e\000r}{subsection.6.21.3}% 222
\BOOKMARK [1][-]{section.6.22}{\376\377\0006\000.\0002\0002\000\040\000t\000e\000s\000t\000\137\000e\000r\000r\000o\000r\000\137\000l\000o\000g\000g\000i\000n\000g\000\040\000N\000a\000m\000e\000s\000p\000a\000c\000e\000\040\000R\000e\000f\000e\000r\000e\000n\000c\000e}{chapter.6}% 223
\BOOKMARK [2][-]{subsection.6.22.1}{\376\377\0006\000.\0002\0002\000.\0001\000\040\000D\000e\000t\000a\000i\000l\000e\000d\000\040\000D\000e\000s\000c\000r\000i\000p\000t\000i\000o\000n}{section.6.22}% 224
\BOOKMARK [2][-]{subsection.6.22.2}{\376\377\0006\000.\0002\0002\000.\0002\000\040\000F\000u\000n\000c\000t\000i\000o\000n\000\040\000D\000o\000c\000u\000m\000e\000n\000t\000a\000t\000i\000o\000n}{section.6.22}% 225
\BOOKMARK [3][-]{subsubsection.6.22.2.1}{\376\377\0006\000.\0002\0002\000.\0002\000.\0001\000\040\000t\000e\000s\000t\000\137\000e\000r\000r\000o\000r\000\137\000l\000o\000g\000g\000i\000n\000g\000\050\000\051}{subsection.6.22.2}% 226
\BOOKMARK [2][-]{subsection.6.22.3}{\376\377\0006\000.\0002\0002\000.\0003\000\040\000V\000a\000r\000i\000a\000b\000l\000e\000\040\000D\000o\000c\000u\000m\000e\000n\000t\000a\000t\000i\000o\000n}{section.6.22}% 227
\BOOKMARK [3][-]{subsubsection.6.22.3.1}{\376\377\0006\000.\0002\0002\000.\0003\000.\0001\000\040\000c\000o\000n\000s\000o\000l\000e\000\137\000h\000a\000n\000d\000l\000e\000r}{subsection.6.22.3}% 228
\BOOKMARK [3][-]{subsubsection.6.22.3.2}{\376\377\0006\000.\0002\0002\000.\0003\000.\0002\000\040\000f\000o\000r\000m\000a\000t\000t\000e\000r}{subsection.6.22.3}% 229
\BOOKMARK [3][-]{subsubsection.6.22.3.3}{\376\377\0006\000.\0002\0002\000.\0003\000.\0003\000\040\000l\000o\000g\000g\000e\000r}{subsection.6.22.3}% 230
\BOOKMARK [3][-]{subsubsection.6.22.3.4}{\376\377\0006\000.\0002\0002\000.\0003\000.\0004\000\040\000r\000o\000o\000t\000\137\000l\000o\000g\000g\000e\000r}{subsection.6.22.3}% 231
\BOOKMARK [1][-]{section.6.23}{\376\377\0006\000.\0002\0003\000\040\000t\000e\000s\000t\000\137\000g\000u\000i\000\040\000N\000a\000m\000e\000s\000p\000a\000c\000e\000\040\000R\000e\000f\000e\000r\000e\000n\000c\000e}{chapter.6}% 232
\BOOKMARK [2][-]{subsection.6.23.1}{\376\377\0006\000.\0002\0003\000.\0001\000\040\000F\000u\000n\000c\000t\000i\000o\000n\000\040\000D\000o\000c\000u\000m\000e\000n\000t\000a\000t\000i\000o\000n}{section.6.23}% 233
\BOOKMARK [3][-]{subsubsection.6.23.1.1}{\376\377\0006\000.\0002\0003\000.\0001\000.\0001\000\040\000q\000a\000p\000p\000\050\000\051}{subsection.6.23.1}% 234
\BOOKMARK [3][-]{subsubsection.6.23.1.2}{\376\377\0006\000.\0002\0003\000.\0001\000.\0002\000\040\000t\000e\000s\000t\000\137\000e\000n\000e\000r\000g\000y\000\137\000r\000a\000n\000g\000e\000\137\000v\000a\000l\000i\000d\000a\000t\000i\000o\000n\000\050\000\051}{subsection.6.23.1}% 235
\BOOKMARK [3][-]{subsubsection.6.23.1.3}{\376\377\0006\000.\0002\0003\000.\0001\000.\0003\000\040\000t\000e\000s\000t\000\137\000i\000n\000i\000t\000i\000a\000l\000\137\000b\000u\000t\000t\000o\000n\000\137\000s\000t\000a\000t\000e\000s\000\050\000\051}{subsection.6.23.1}% 236
\BOOKMARK [3][-]{subsubsection.6.23.1.4}{\376\377\0006\000.\0002\0003\000.\0001\000.\0004\000\040\000t\000e\000s\000t\000\137\000s\000e\000l\000e\000c\000t\000\137\000i\000n\000p\000u\000t\000\137\000f\000o\000l\000d\000e\000r\000\137\000e\000n\000a\000b\000l\000e\000s\000\137\000t\000r\000a\000i\000n\000\050\000\051}{subsection.6.23.1}% 237
\BOOKMARK [3][-]{subsubsection.6.23.1.5}{\376\377\0006\000.\0002\0003\000.\0001\000.\0005\000\040\000w\000i\000n\000d\000o\000w\000\050\000\051}{subsection.6.23.1}% 238
\BOOKMARK [1][-]{section.6.24}{\376\377\0006\000.\0002\0004\000\040\000t\000e\000s\000t\000\137\000g\000u\000i\000\137\000i\000n\000f\000e\000r\000e\000n\000c\000e\000\040\000N\000a\000m\000e\000s\000p\000a\000c\000e\000\040\000R\000e\000f\000e\000r\000e\000n\000c\000e}{chapter.6}% 239
\BOOKMARK [2][-]{subsection.6.24.1}{\376\377\0006\000.\0002\0004\000.\0001\000\040\000D\000e\000t\000a\000i\000l\000e\000d\000\040\000D\000e\000s\000c\000r\000i\000p\000t\000i\000o\000n}{section.6.24}% 240
\BOOKMARK [2][-]{subsection.6.24.2}{\376\377\0006\000.\0002\0004\000.\0002\000\040\000F\000u\000n\000c\000t\000i\000o\000n\000\040\000D\000o\000c\000u\000m\000e\000n\000t\000a\000t\000i\000o\000n}{section.6.24}% 241
\BOOKMARK [3][-]{subsubsection.6.24.2.1}{\376\377\0006\000.\0002\0004\000.\0002\000.\0001\000\040\000t\000e\000s\000t\000\137\000g\000u\000i\000\137\000i\000n\000f\000e\000r\000e\000n\000c\000e\000\050\000\051}{subsection.6.24.2}% 242
\BOOKMARK [1][-]{section.6.25}{\376\377\0006\000.\0002\0005\000\040\000t\000e\000s\000t\000\137\000g\000u\000i\000\137\000t\000r\000a\000i\000n\000i\000n\000g\000\040\000N\000a\000m\000e\000s\000p\000a\000c\000e\000\040\000R\000e\000f\000e\000r\000e\000n\000c\000e}{chapter.6}% 243
\BOOKMARK [2][-]{subsection.6.25.1}{\376\377\0006\000.\0002\0005\000.\0001\000\040\000D\000e\000t\000a\000i\000l\000e\000d\000\040\000D\000e\000s\000c\000r\000i\000p\000t\000i\000o\000n}{section.6.25}% 244
\BOOKMARK [2][-]{subsection.6.25.2}{\376\377\0006\000.\0002\0005\000.\0002\000\040\000F\000u\000n\000c\000t\000i\000o\000n\000\040\000D\000o\000c\000u\000m\000e\000n\000t\000a\000t\000i\000o\000n}{section.6.25}% 245
\BOOKMARK [3][-]{subsubsection.6.25.2.1}{\376\377\0006\000.\0002\0005\000.\0002\000.\0001\000\040\000t\000e\000s\000t\000\137\000g\000u\000i\000\137\000t\000r\000a\000i\000n\000i\000n\000g\000\050\000\051}{subsection.6.25.2}% 246
\BOOKMARK [2][-]{subsection.6.25.3}{\376\377\0006\000.\0002\0005\000.\0003\000\040\000V\000a\000r\000i\000a\000b\000l\000e\000\040\000D\000o\000c\000u\000m\000e\000n\000t\000a\000t\000i\000o\000n}{section.6.25}% 247
\BOOKMARK [3][-]{subsubsection.6.25.3.1}{\376\377\0006\000.\0002\0005\000.\0003\000.\0001\000\040\000l\000o\000g\000g\000e\000r}{subsection.6.25.3}% 248
\BOOKMARK [3][-]{subsubsection.6.25.3.2}{\376\377\0006\000.\0002\0005\000.\0003\000.\0002\000\040\000s\000u\000c\000c\000e\000s\000s}{subsection.6.25.3}% 249
\BOOKMARK [1][-]{section.6.26}{\376\377\0006\000.\0002\0006\000\040\000t\000e\000s\000t\000\137\000p\000i\000p\000e\000l\000i\000n\000e\000\137\000f\000i\000x\000e\000s\000\040\000N\000a\000m\000e\000s\000p\000a\000c\000e\000\040\000R\000e\000f\000e\000r\000e\000n\000c\000e}{chapter.6}% 250
\BOOKMARK [2][-]{subsection.6.26.1}{\376\377\0006\000.\0002\0006\000.\0001\000\040\000D\000e\000t\000a\000i\000l\000e\000d\000\040\000D\000e\000s\000c\000r\000i\000p\000t\000i\000o\000n}{section.6.26}% 251
\BOOKMARK [2][-]{subsection.6.26.2}{\376\377\0006\000.\0002\0006\000.\0002\000\040\000F\000u\000n\000c\000t\000i\000o\000n\000\040\000D\000o\000c\000u\000m\000e\000n\000t\000a\000t\000i\000o\000n}{section.6.26}% 252
\BOOKMARK [3][-]{subsubsection.6.26.2.1}{\376\377\0006\000.\0002\0006\000.\0002\000.\0001\000\040\000r\000u\000n\000\137\000c\000o\000m\000p\000r\000e\000h\000e\000n\000s\000i\000v\000e\000\137\000t\000e\000s\000t\000\050\000\051}{subsection.6.26.2}% 253
\BOOKMARK [3][-]{subsubsection.6.26.2.2}{\376\377\0006\000.\0002\0006\000.\0002\000.\0002\000\040\000t\000e\000s\000t\000\137\000d\000o\000s\000e\000\137\000r\000a\000n\000g\000e\000\137\000d\000e\000t\000e\000c\000t\000i\000o\000n\000\050\000\051}{subsection.6.26.2}% 254
\BOOKMARK [3][-]{subsubsection.6.26.2.3}{\376\377\0006\000.\0002\0006\000.\0002\000.\0003\000\040\000t\000e\000s\000t\000\137\000l\000e\000a\000r\000n\000i\000n\000g\000\137\000r\000a\000t\000e\000\137\000a\000d\000j\000u\000s\000t\000m\000e\000n\000t\000\050\000\051}{subsection.6.26.2}% 255
\BOOKMARK [3][-]{subsubsection.6.26.2.4}{\376\377\0006\000.\0002\0006\000.\0002\000.\0004\000\040\000t\000e\000s\000t\000\137\000t\000r\000a\000n\000s\000f\000o\000r\000m\000s\000\137\000c\000o\000n\000s\000i\000s\000t\000e\000n\000c\000y\000\050\000\051}{subsection.6.26.2}% 256
\BOOKMARK [2][-]{subsection.6.26.3}{\376\377\0006\000.\0002\0006\000.\0003\000\040\000V\000a\000r\000i\000a\000b\000l\000e\000\040\000D\000o\000c\000u\000m\000e\000n\000t\000a\000t\000i\000o\000n}{section.6.26}% 257
\BOOKMARK [3][-]{subsubsection.6.26.3.1}{\376\377\0006\000.\0002\0006\000.\0003\000.\0001\000\040\000f\000o\000r\000m\000a\000t}{subsection.6.26.3}% 258
\BOOKMARK [3][-]{subsubsection.6.26.3.2}{\376\377\0006\000.\0002\0006\000.\0003\000.\0002\000\040\000I\000N\000F\000O}{subsection.6.26.3}% 259
\BOOKMARK [3][-]{subsubsection.6.26.3.3}{\376\377\0006\000.\0002\0006\000.\0003\000.\0003\000\040\000l\000e\000v\000e\000l}{subsection.6.26.3}% 260
\BOOKMARK [3][-]{subsubsection.6.26.3.4}{\376\377\0006\000.\0002\0006\000.\0003\000.\0004\000\040\000l\000o\000g\000g\000e\000r}{subsection.6.26.3}% 261
\BOOKMARK [3][-]{subsubsection.6.26.3.5}{\376\377\0006\000.\0002\0006\000.\0003\000.\0005\000\040\000s\000u\000c\000c\000e\000s\000s}{subsection.6.26.3}% 262
\BOOKMARK [1][-]{section.6.27}{\376\377\0006\000.\0002\0007\000\040\000t\000e\000s\000t\000\137\000s\000y\000s\000t\000e\000m\000\137\000m\000a\000n\000a\000g\000e\000r\000\137\000i\000n\000f\000e\000r\000e\000n\000c\000e\000\040\000N\000a\000m\000e\000s\000p\000a\000c\000e\000\040\000R\000e\000f\000e\000r\000e\000n\000c\000e}{chapter.6}% 263
\BOOKMARK [2][-]{subsection.6.27.1}{\376\377\0006\000.\0002\0007\000.\0001\000\040\000D\000e\000t\000a\000i\000l\000e\000d\000\040\000D\000e\000s\000c\000r\000i\000p\000t\000i\000o\000n}{section.6.27}% 264
\BOOKMARK [2][-]{subsection.6.27.2}{\376\377\0006\000.\0002\0007\000.\0002\000\040\000F\000u\000n\000c\000t\000i\000o\000n\000\040\000D\000o\000c\000u\000m\000e\000n\000t\000a\000t\000i\000o\000n}{section.6.27}% 265
\BOOKMARK [3][-]{subsubsection.6.27.2.1}{\376\377\0006\000.\0002\0007\000.\0002\000.\0001\000\040\000t\000e\000s\000t\000\137\000s\000y\000s\000t\000e\000m\000\137\000m\000a\000n\000a\000g\000e\000r\000\137\000i\000n\000f\000e\000r\000e\000n\000c\000e\000\050\000\051}{subsection.6.27.2}% 266
\BOOKMARK [2][-]{subsection.6.27.3}{\376\377\0006\000.\0002\0007\000.\0003\000\040\000V\000a\000r\000i\000a\000b\000l\000e\000\040\000D\000o\000c\000u\000m\000e\000n\000t\000a\000t\000i\000o\000n}{section.6.27}% 267
\BOOKMARK [3][-]{subsubsection.6.27.3.1}{\376\377\0006\000.\0002\0007\000.\0003\000.\0001\000\040\000c\000o\000n\000s\000o\000l\000e\000\137\000h\000a\000n\000d\000l\000e\000r}{subsection.6.27.3}% 268
\BOOKMARK [3][-]{subsubsection.6.27.3.2}{\376\377\0006\000.\0002\0007\000.\0003\000.\0002\000\040\000f\000o\000r\000m\000a\000t\000t\000e\000r}{subsection.6.27.3}% 269
\BOOKMARK [3][-]{subsubsection.6.27.3.3}{\376\377\0006\000.\0002\0007\000.\0003\000.\0003\000\040\000l\000o\000g\000g\000e\000r}{subsection.6.27.3}% 270
\BOOKMARK [3][-]{subsubsection.6.27.3.4}{\376\377\0006\000.\0002\0007\000.\0003\000.\0004\000\040\000r\000o\000o\000t\000\137\000l\000o\000g\000g\000e\000r}{subsection.6.27.3}% 271
\BOOKMARK [1][-]{section.6.28}{\376\377\0006\000.\0002\0008\000\040\000t\000e\000s\000t\000\137\000s\000y\000s\000t\000e\000m\000\137\000m\000a\000n\000a\000g\000e\000r\000\137\000r\000e\000a\000l\000\137\000d\000a\000t\000a\000\040\000N\000a\000m\000e\000s\000p\000a\000c\000e\000\040\000R\000e\000f\000e\000r\000e\000n\000c\000e}{chapter.6}% 272
\BOOKMARK [2][-]{subsection.6.28.1}{\376\377\0006\000.\0002\0008\000.\0001\000\040\000D\000e\000t\000a\000i\000l\000e\000d\000\040\000D\000e\000s\000c\000r\000i\000p\000t\000i\000o\000n}{section.6.28}% 273
\BOOKMARK [2][-]{subsection.6.28.2}{\376\377\0006\000.\0002\0008\000.\0002\000\040\000F\000u\000n\000c\000t\000i\000o\000n\000\040\000D\000o\000c\000u\000m\000e\000n\000t\000a\000t\000i\000o\000n}{section.6.28}% 274
\BOOKMARK [3][-]{subsubsection.6.28.2.1}{\376\377\0006\000.\0002\0008\000.\0002\000.\0001\000\040\000t\000e\000s\000t\000\137\000s\000y\000s\000t\000e\000m\000\137\000m\000a\000n\000a\000g\000e\000r\000\137\000w\000i\000t\000h\000\137\000r\000e\000a\000l\000\137\000d\000a\000t\000a\000\050\000\051}{subsection.6.28.2}% 275
\BOOKMARK [1][-]{section.6.29}{\376\377\0006\000.\0002\0009\000\040\000t\000e\000s\000t\000\137\000s\000y\000s\000t\000e\000m\000m\000a\000n\000a\000g\000e\000r\000\040\000N\000a\000m\000e\000s\000p\000a\000c\000e\000\040\000R\000e\000f\000e\000r\000e\000n\000c\000e}{chapter.6}% 276
\BOOKMARK [2][-]{subsection.6.29.1}{\376\377\0006\000.\0002\0009\000.\0001\000\040\000F\000u\000n\000c\000t\000i\000o\000n\000\040\000D\000o\000c\000u\000m\000e\000n\000t\000a\000t\000i\000o\000n}{section.6.29}% 277
\BOOKMARK [3][-]{subsubsection.6.29.1.1}{\376\377\0006\000.\0002\0009\000.\0001\000.\0001\000\040\000m\000a\000n\000a\000g\000e\000r\000\050\000\051}{subsection.6.29.1}% 278
\BOOKMARK [3][-]{subsubsection.6.29.1.2}{\376\377\0006\000.\0002\0009\000.\0001\000.\0002\000\040\000t\000e\000m\000p\000\137\000r\000o\000o\000t\000\050\000\051}{subsection.6.29.1}% 279
\BOOKMARK [3][-]{subsubsection.6.29.1.3}{\376\377\0006\000.\0002\0009\000.\0001\000.\0003\000\040\000t\000e\000s\000t\000\137\000r\000u\000n\000\137\000i\000n\000f\000e\000r\000e\000n\000c\000e\000\137\000i\000n\000v\000a\000l\000i\000d\000\137\000c\000h\000e\000c\000k\000p\000o\000i\000n\000t\000\137\000t\000y\000p\000e\000\050\000\051}{subsection.6.29.1}% 280
\BOOKMARK [3][-]{subsubsection.6.29.1.4}{\376\377\0006\000.\0002\0009\000.\0001\000.\0004\000\040\000t\000e\000s\000t\000\137\000r\000u\000n\000\137\000i\000n\000f\000e\000r\000e\000n\000c\000e\000\137\000n\000o\000\137\000m\000o\000d\000e\000l\000s\000\137\000a\000n\000d\000\137\000n\000o\000\137\000c\000h\000e\000c\000k\000p\000o\000i\000n\000t\000\050\000\051}{subsection.6.29.1}% 281
\BOOKMARK [3][-]{subsubsection.6.29.1.5}{\376\377\0006\000.\0002\0009\000.\0001\000.\0005\000\040\000t\000e\000s\000t\000\137\000r\000u\000n\000\137\000i\000n\000f\000e\000r\000e\000n\000c\000e\000\137\000u\000n\000s\000u\000p\000p\000o\000r\000t\000e\000d\000\137\000c\000t\000\137\000e\000x\000t\000e\000n\000s\000i\000o\000n\000\050\000\051}{subsection.6.29.1}% 282
\BOOKMARK [1][-]{section.6.30}{\376\377\0006\000.\0003\0000\000\040\000t\000e\000s\000t\000\137\000t\000r\000a\000i\000n\000i\000n\000g\000\040\000N\000a\000m\000e\000s\000p\000a\000c\000e\000\040\000R\000e\000f\000e\000r\000e\000n\000c\000e}{chapter.6}% 283
\BOOKMARK [2][-]{subsection.6.30.1}{\376\377\0006\000.\0003\0000\000.\0001\000\040\000D\000e\000t\000a\000i\000l\000e\000d\000\040\000D\000e\000s\000c\000r\000i\000p\000t\000i\000o\000n}{section.6.30}% 284
\BOOKMARK [2][-]{subsection.6.30.2}{\376\377\0006\000.\0003\0000\000.\0002\000\040\000V\000a\000r\000i\000a\000b\000l\000e\000\040\000D\000o\000c\000u\000m\000e\000n\000t\000a\000t\000i\000o\000n}{section.6.30}% 285
\BOOKMARK [3][-]{subsubsection.6.30.2.1}{\376\377\0006\000.\0003\0000\000.\0002\000.\0001\000\040\000c\000o\000n\000f\000i\000g}{subsection.6.30.2}% 286
\BOOKMARK [3][-]{subsubsection.6.30.2.2}{\376\377\0006\000.\0003\0000\000.\0002\000.\0002\000\040\000d\000e\000v\000i\000c\000e}{subsection.6.30.2}% 287
\BOOKMARK [3][-]{subsubsection.6.30.2.3}{\376\377\0006\000.\0003\0000\000.\0002\000.\0003\000\040\000l\000e\000v\000e\000l}{subsection.6.30.2}% 288
\BOOKMARK [3][-]{subsubsection.6.30.2.4}{\376\377\0006\000.\0003\0000\000.\0002\000.\0004\000\040\000r\000e\000s\000u\000l\000t}{subsection.6.30.2}% 289
\BOOKMARK [3][-]{subsubsection.6.30.2.5}{\376\377\0006\000.\0003\0000\000.\0002\000.\0005\000\040\000s\000y\000s\000t\000e\000m\000\137\000m\000a\000n\000a\000g\000e\000r}{subsection.6.30.2}% 290
\BOOKMARK [1][-]{section.6.31}{\376\377\0006\000.\0003\0001\000\040\000t\000e\000s\000t\000\137\000v\000i\000s\000u\000a\000l\000i\000z\000t\000a\000t\000i\000o\000n\000\040\000N\000a\000m\000e\000s\000p\000a\000c\000e\000\040\000R\000e\000f\000e\000r\000e\000n\000c\000e}{chapter.6}% 291
\BOOKMARK [2][-]{subsection.6.31.1}{\376\377\0006\000.\0003\0001\000.\0001\000\040\000F\000u\000n\000c\000t\000i\000o\000n\000\040\000D\000o\000c\000u\000m\000e\000n\000t\000a\000t\000i\000o\000n}{section.6.31}% 292
\BOOKMARK [3][-]{subsubsection.6.31.1.1}{\376\377\0006\000.\0003\0001\000.\0001\000.\0001\000\040\000t\000e\000s\000t\000\137\000i\000n\000t\000e\000r\000a\000c\000t\000i\000v\000e\000\137\000s\000l\000i\000c\000e\000\137\000v\000i\000e\000w\000e\000r\000\137\000s\000l\000i\000c\000i\000n\000g\000\050\000\051}{subsection.6.31.1}% 293
\BOOKMARK [3][-]{subsubsection.6.31.1.2}{\376\377\0006\000.\0003\0001\000.\0001\000.\0002\000\040\000t\000e\000s\000t\000\137\000i\000n\000v\000a\000l\000i\000d\000\137\000v\000o\000l\000u\000m\000e\000\137\000r\000a\000i\000s\000e\000s\000\050\000\051}{subsection.6.31.1}% 294
\BOOKMARK [1][-]{section.6.32}{\376\377\0006\000.\0003\0002\000\040\000t\000r\000a\000i\000n\000i\000n\000g\000\137\000p\000i\000p\000e\000l\000i\000n\000e\000\040\000N\000a\000m\000e\000s\000p\000a\000c\000e\000\040\000R\000e\000f\000e\000r\000e\000n\000c\000e}{chapter.6}% 295
\BOOKMARK [2][-]{subsection.6.32.1}{\376\377\0006\000.\0003\0002\000.\0001\000\040\000V\000a\000r\000i\000a\000b\000l\000e\000\040\000D\000o\000c\000u\000m\000e\000n\000t\000a\000t\000i\000o\000n}{section.6.32}% 296
\BOOKMARK [3][-]{subsubsection.6.32.1.1}{\376\377\0006\000.\0003\0002\000.\0001\000.\0001\000\040\000C\000L\000I\000P\000\137\000M\000A\000X}{subsection.6.32.1}% 297
\BOOKMARK [3][-]{subsubsection.6.32.1.2}{\376\377\0006\000.\0003\0002\000.\0001\000.\0002\000\040\000C\000L\000I\000P\000\137\000M\000I\000N}{subsection.6.32.1}% 298
\BOOKMARK [3][-]{subsubsection.6.32.1.3}{\376\377\0006\000.\0003\0002\000.\0001\000.\0003\000\040\000D\000O\000S\000E\000\137\000E\000P\000S}{subsection.6.32.1}% 299
\BOOKMARK [3][-]{subsubsection.6.32.1.4}{\376\377\0006\000.\0003\0002\000.\0001\000.\0004\000\040\000l\000o\000g\000g\000e\000r}{subsection.6.32.1}% 300
\BOOKMARK [3][-]{subsubsection.6.32.1.5}{\376\377\0006\000.\0003\0002\000.\0001\000.\0005\000\040\000T\000V\000\137\000W\000E\000I\000G\000H\000T}{subsection.6.32.1}% 301
\BOOKMARK [1][-]{section.6.33}{\376\377\0006\000.\0003\0003\000\040\000v\000a\000l\000i\000d\000a\000t\000e\000\137\000e\000n\000e\000r\000g\000y\000\137\000c\000o\000n\000d\000i\000t\000i\000o\000n\000i\000n\000g\000\040\000N\000a\000m\000e\000s\000p\000a\000c\000e\000\040\000R\000e\000f\000e\000r\000e\000n\000c\000e}{chapter.6}% 302
\BOOKMARK [2][-]{subsection.6.33.1}{\376\377\0006\000.\0003\0003\000.\0001\000\040\000D\000e\000t\000a\000i\000l\000e\000d\000\040\000D\000e\000s\000c\000r\000i\000p\000t\000i\000o\000n}{section.6.33}% 303
\BOOKMARK [2][-]{subsection.6.33.2}{\376\377\0006\000.\0003\0003\000.\0002\000\040\000V\000a\000r\000i\000a\000b\000l\000e\000\040\000D\000o\000c\000u\000m\000e\000n\000t\000a\000t\000i\000o\000n}{section.6.33}% 304
\BOOKMARK [3][-]{subsubsection.6.33.2.1}{\376\377\0006\000.\0003\0003\000.\0002\000.\0001\000\040\000a\000u\000t\000o\000e\000n\000c\000o\000d\000e\000r}{subsection.6.33.2}% 305
\BOOKMARK [3][-]{subsubsection.6.33.2.2}{\376\377\0006\000.\0003\0003\000.\0002\000.\0002\000\040\000c\000h\000e\000c\000k\000p\000o\000i\000n\000t}{subsection.6.33.2}% 306
\BOOKMARK [3][-]{subsubsection.6.33.2.3}{\376\377\0006\000.\0003\0003\000.\0002\000.\0003\000\040\000c\000o\000n\000f\000i\000g}{subsection.6.33.2}% 307
\BOOKMARK [3][-]{subsubsection.6.33.2.4}{\376\377\0006\000.\0003\0003\000.\0002\000.\0004\000\040\000c\000o\000r\000r\000e\000l\000a\000t\000i\000o\000n}{subsection.6.33.2}% 308
\BOOKMARK [3][-]{subsubsection.6.33.2.5}{\376\377\0006\000.\0003\0003\000.\0002\000.\0005\000\040\000d\000e\000v\000i\000c\000e}{subsection.6.33.2}% 309
\BOOKMARK [3][-]{subsubsection.6.33.2.6}{\376\377\0006\000.\0003\0003\000.\0002\000.\0006\000\040\000e\000n\000e\000r\000g\000y\0001}{subsection.6.33.2}% 310
\BOOKMARK [3][-]{subsubsection.6.33.2.7}{\376\377\0006\000.\0003\0003\000.\0002\000.\0007\000\040\000e\000n\000e\000r\000g\000y\0002}{subsection.6.33.2}% 311
\BOOKMARK [3][-]{subsubsection.6.33.2.8}{\376\377\0006\000.\0003\0003\000.\0002\000.\0008\000\040\000e\000n\000e\000r\000g\000y\000\137\000l\000i\000s\000t}{subsection.6.33.2}% 312
\BOOKMARK [3][-]{subsubsection.6.33.2.9}{\376\377\0006\000.\0003\0003\000.\0002\000.\0009\000\040\000e\000n\000e\000r\000g\000y\000\137\000n\000o\000r\000m\000a\000l\000i\000z\000e\000d}{subsection.6.33.2}% 313
\BOOKMARK [3][-]{subsubsection.6.33.2.10}{\376\377\0006\000.\0003\0003\000.\0002\000.\0001\0000\000\040\000g\000r\000o\000u\000n\000d\000\137\000t\000r\000u\000t\000h}{subsection.6.33.2}% 314
\BOOKMARK [3][-]{subsubsection.6.33.2.11}{\376\377\0006\000.\0003\0003\000.\0002\000.\0001\0001\000\040\000i\000n\000p\000u\000t\000\137\0002\000c\000h\000a\000n\000n\000e\000l}{subsection.6.33.2}% 315
\BOOKMARK [3][-]{subsubsection.6.33.2.12}{\376\377\0006\000.\0003\0003\000.\0002\000.\0001\0002\000\040\000i\000n\000p\000u\000t\000\137\000t\000e\000n\000s\000o\000r}{subsection.6.33.2}% 316
\BOOKMARK [3][-]{subsubsection.6.33.2.13}{\376\377\0006\000.\0003\0003\000.\0002\000.\0001\0003\000\040\000l\000e\000v\000e\000l}{subsection.6.33.2}% 317
\BOOKMARK [3][-]{subsubsection.6.33.2.14}{\376\377\0006\000.\0003\0003\000.\0002\000.\0001\0004\000\040\000m\000a\000e}{subsection.6.33.2}% 318
\BOOKMARK [3][-]{subsubsection.6.33.2.15}{\376\377\0006\000.\0003\0003\000.\0002\000.\0001\0005\000\040\000m\000a\000x\000\137\000d\000i\000f\000f}{subsection.6.33.2}% 319
\BOOKMARK [3][-]{subsubsection.6.33.2.16}{\376\377\0006\000.\0003\0003\000.\0002\000.\0001\0006\000\040\000m\000a\000x\000\137\000m\000s\000e}{subsection.6.33.2}% 320
\BOOKMARK [3][-]{subsubsection.6.33.2.17}{\376\377\0006\000.\0003\0003\000.\0002\000.\0001\0007\000\040\000m\000e\000a\000n\000\137\000v\000a\000r\000i\000a\000t\000i\000o\000n}{subsection.6.33.2}% 321
\BOOKMARK [3][-]{subsubsection.6.33.2.18}{\376\377\0006\000.\0003\0003\000.\0002\000.\0001\0008\000\040\000m\000e\000a\000n\000s}{subsection.6.33.2}% 322
\BOOKMARK [3][-]{subsubsection.6.33.2.19}{\376\377\0006\000.\0003\0003\000.\0002\000.\0001\0009\000\040\000m\000i\000n\000\137\000c\000o\000r\000r\000e\000l\000a\000t\000i\000o\000n}{subsection.6.33.2}% 323
\BOOKMARK [3][-]{subsubsection.6.33.2.20}{\376\377\0006\000.\0003\0003\000.\0002\000.\0002\0000\000\040\000m\000s\000e}{subsection.6.33.2}% 324
\BOOKMARK [3][-]{subsubsection.6.33.2.21}{\376\377\0006\000.\0003\0003\000.\0002\000.\0002\0001\000\040\000p\000h\000y\000s\000i\000c\000a\000l\000\137\000i\000n\000p\000u\000t}{subsection.6.33.2}% 325
\BOOKMARK [3][-]{subsubsection.6.33.2.22}{\376\377\0006\000.\0003\0003\000.\0002\000.\0002\0002\000\040\000p\000r\000e\000d\0001}{subsection.6.33.2}% 326
\BOOKMARK [3][-]{subsubsection.6.33.2.23}{\376\377\0006\000.\0003\0003\000.\0002\000.\0002\0003\000\040\000p\000r\000e\000d\0002}{subsection.6.33.2}% 327
\BOOKMARK [3][-]{subsubsection.6.33.2.24}{\376\377\0006\000.\0003\0003\000.\0002\000.\0002\0004\000\040\000p\000r\000e\000d\000\137\000m\000a\000x}{subsection.6.33.2}% 328
\BOOKMARK [3][-]{subsubsection.6.33.2.25}{\376\377\0006\000.\0003\0003\000.\0002\000.\0002\0005\000\040\000p\000r\000e\000d\000\137\000m\000e\000a\000n}{subsection.6.33.2}% 329
\BOOKMARK [3][-]{subsubsection.6.33.2.26}{\376\377\0006\000.\0003\0003\000.\0002\000.\0002\0006\000\040\000p\000r\000e\000d\000\137\000m\000i\000n}{subsection.6.33.2}% 330
\BOOKMARK [3][-]{subsubsection.6.33.2.27}{\376\377\0006\000.\0003\0003\000.\0002\000.\0002\0007\000\040\000p\000r\000e\000d\000\137\000s\000t\000d}{subsection.6.33.2}% 331
\BOOKMARK [3][-]{subsubsection.6.33.2.28}{\376\377\0006\000.\0003\0003\000.\0002\000.\0002\0008\000\040\000p\000r\000e\000d\000i\000c\000t\000i\000o\000n}{subsection.6.33.2}% 332
\BOOKMARK [3][-]{subsubsection.6.33.2.29}{\376\377\0006\000.\0003\0003\000.\0002\000.\0002\0009\000\040\000p\000r\000e\000d\000i\000c\000t\000i\000o\000n\000\137\000n\000p}{subsection.6.33.2}% 333
\BOOKMARK [3][-]{subsubsection.6.33.2.30}{\376\377\0006\000.\0003\0003\000.\0002\000.\0003\0000\000\040\000p\000r\000e\000d\000i\000c\000t\000i\000o\000n\000s}{subsection.6.33.2}% 334
\BOOKMARK [3][-]{subsubsection.6.33.2.31}{\376\377\0006\000.\0003\0003\000.\0002\000.\0003\0001\000\040\000r\000e\000s\000u\000l\000t\000s}{subsection.6.33.2}% 335
\BOOKMARK [3][-]{subsubsection.6.33.2.32}{\376\377\0006\000.\0003\0003\000.\0002\000.\0003\0002\000\040\000s\000a\000m\000p\000l\000e\000\137\000i\000n\000p\000u\000t\000\137\000p\000a\000t\000h}{subsection.6.33.2}% 336
\BOOKMARK [3][-]{subsubsection.6.33.2.33}{\376\377\0006\000.\0003\0003\000.\0002\000.\0003\0003\000\040\000s\000a\000m\000p\000l\000e\000\137\000o\000u\000t\000p\000u\000t\000\137\000p\000a\000t\000h}{subsection.6.33.2}% 337
\BOOKMARK [3][-]{subsubsection.6.33.2.34}{\376\377\0006\000.\0003\0003\000.\0002\000.\0003\0004\000\040\000s\000t\000d\000\137\000v\000a\000r\000i\000a\000t\000i\000o\000n}{subsection.6.33.2}% 338
\BOOKMARK [3][-]{subsubsection.6.33.2.35}{\376\377\0006\000.\0003\0003\000.\0002\000.\0003\0005\000\040\000s\000t\000d\000s}{subsection.6.33.2}% 339
\BOOKMARK [3][-]{subsubsection.6.33.2.36}{\376\377\0006\000.\0003\0003\000.\0002\000.\0003\0006\000\040\000t\000r\000a\000i\000n\000i\000n\000g\000\137\000c\000o\000n\000f\000i\000g}{subsection.6.33.2}% 340
\BOOKMARK [1][-]{section.6.34}{\376\377\0006\000.\0003\0004\000\040\000v\000i\000s\000u\000a\000l\000i\000z\000a\000t\000i\000o\000n\000\040\000N\000a\000m\000e\000s\000p\000a\000c\000e\000\040\000R\000e\000f\000e\000r\000e\000n\000c\000e}{chapter.6}% 341
\BOOKMARK [2][-]{subsection.6.34.1}{\376\377\0006\000.\0003\0004\000.\0001\000\040\000F\000u\000n\000c\000t\000i\000o\000n\000\040\000D\000o\000c\000u\000m\000e\000n\000t\000a\000t\000i\000o\000n}{section.6.34}% 342
\BOOKMARK [3][-]{subsubsection.6.34.1.1}{\376\377\0006\000.\0003\0004\000.\0001\000.\0001\000\040\000g\000e\000t\000\137\000v\000i\000s\000u\000a\000l\000i\000z\000a\000t\000i\000o\000n\000\137\000w\000i\000d\000g\000e\000t\000\050\000\051}{subsection.6.34.1}% 343
\BOOKMARK [3][-]{subsubsection.6.34.1.2}{\376\377\0006\000.\0003\0004\000.\0001\000.\0002\000\040\000i\000n\000t\000e\000r\000a\000c\000t\000i\000v\000e\000\137\000s\000l\000i\000c\000e\000\137\000v\000i\000e\000w\000e\000r\000\050\000\051}{subsection.6.34.1}% 344
\BOOKMARK [3][-]{subsubsection.6.34.1.3}{\376\377\0006\000.\0003\0004\000.\0001\000.\0003\000\040\000l\000o\000a\000d\000\137\000a\000n\000d\000\137\000v\000i\000s\000u\000a\000l\000i\000z\000e\000\050\000\051}{subsection.6.34.1}% 345
\BOOKMARK [3][-]{subsubsection.6.34.1.4}{\376\377\0006\000.\0003\0004\000.\0001\000.\0004\000\040\000v\000o\000l\000u\000m\000e\000\137\000r\000e\000n\000d\000e\000r\000i\000n\000g\000\050\000\051}{subsection.6.34.1}% 346
\BOOKMARK [1][-]{section.6.35}{\376\377\0006\000.\0003\0005\000\040\000v\000i\000s\000u\000a\000l\000i\000z\000e\000T\000E\000S\000T\000\040\000N\000a\000m\000e\000s\000p\000a\000c\000e\000\040\000R\000e\000f\000e\000r\000e\000n\000c\000e}{chapter.6}% 347
\BOOKMARK [2][-]{subsection.6.35.1}{\376\377\0006\000.\0003\0005\000.\0001\000\040\000F\000u\000n\000c\000t\000i\000o\000n\000\040\000D\000o\000c\000u\000m\000e\000n\000t\000a\000t\000i\000o\000n}{section.6.35}% 348
\BOOKMARK [3][-]{subsubsection.6.35.1.1}{\376\377\0006\000.\0003\0005\000.\0001\000.\0001\000\040\000u\000p\000d\000a\000t\000e\000\050\000\051}{subsection.6.35.1}% 349
\BOOKMARK [2][-]{subsection.6.35.2}{\376\377\0006\000.\0003\0005\000.\0002\000\040\000V\000a\000r\000i\000a\000b\000l\000e\000\040\000D\000o\000c\000u\000m\000e\000n\000t\000a\000t\000i\000o\000n}{section.6.35}% 350
\BOOKMARK [3][-]{subsubsection.6.35.2.1}{\376\377\0006\000.\0003\0005\000.\0002\000.\0001\000\040\000a\000x}{subsection.6.35.2}% 351
\BOOKMARK [3][-]{subsubsection.6.35.2.2}{\376\377\0006\000.\0003\0005\000.\0002\000.\0002\000\040\000c\000u\000b\000e}{subsection.6.35.2}% 352
\BOOKMARK [3][-]{subsubsection.6.35.2.3}{\376\377\0006\000.\0003\0005\000.\0002\000.\0003\000\040\000c\000u\000b\000e\000\137\000n\000o\000r\000m}{subsection.6.35.2}% 353
\BOOKMARK [3][-]{subsubsection.6.35.2.4}{\376\377\0006\000.\0003\0005\000.\0002\000.\0004\000\040\000c\000u\000b\000e\000\137\000s\000m\000o\000o\000t\000h\000e\000d}{subsection.6.35.2}% 354
\BOOKMARK [3][-]{subsubsection.6.35.2.5}{\376\377\0006\000.\0003\0005\000.\0002\000.\0005\000\040\000f\000i\000g}{subsection.6.35.2}% 355
\BOOKMARK [3][-]{subsubsection.6.35.2.6}{\376\377\0006\000.\0003\0005\000.\0002\000.\0006\000\040\000f\000i\000g\000\137\000v\000o\000l}{subsection.6.35.2}% 356
\BOOKMARK [3][-]{subsubsection.6.35.2.7}{\376\377\0006\000.\0003\0005\000.\0002\000.\0007\000\040\000i\000m}{subsection.6.35.2}% 357
\BOOKMARK [3][-]{subsubsection.6.35.2.8}{\376\377\0006\000.\0003\0005\000.\0002\000.\0008\000\040\000p\000\137\000h\000i\000g\000h}{subsection.6.35.2}% 358
\BOOKMARK [3][-]{subsubsection.6.35.2.9}{\376\377\0006\000.\0003\0005\000.\0002\000.\0009\000\040\000p\000\137\000l\000o\000w}{subsection.6.35.2}% 359
\BOOKMARK [3][-]{subsubsection.6.35.2.10}{\376\377\0006\000.\0003\0005\000.\0002\000.\0001\0000\000\040\000s\000c\000e\000n\000e}{subsection.6.35.2}% 360
\BOOKMARK [3][-]{subsubsection.6.35.2.11}{\376\377\0006\000.\0003\0005\000.\0002\000.\0001\0001\000\040\000s\000l\000i\000c\000e\000\137\000i\000d\000x}{subsection.6.35.2}% 361
\BOOKMARK [3][-]{subsubsection.6.35.2.12}{\376\377\0006\000.\0003\0005\000.\0002\000.\0001\0002\000\040\000s\000l\000i\000d\000e\000r}{subsection.6.35.2}% 362
\BOOKMARK [3][-]{subsubsection.6.35.2.13}{\376\377\0006\000.\0003\0005\000.\0002\000.\0001\0003\000\040\000s\000l\000i\000d\000e\000r\000\137\000a\000x}{subsection.6.35.2}% 363
\BOOKMARK [3][-]{subsubsection.6.35.2.14}{\376\377\0006\000.\0003\0005\000.\0002\000.\0001\0004\000\040\000x}{subsection.6.35.2}% 364
\BOOKMARK [3][-]{subsubsection.6.35.2.15}{\376\377\0006\000.\0003\0005\000.\0002\000.\0001\0005\000\040\000y}{subsection.6.35.2}% 365
\BOOKMARK [3][-]{subsubsection.6.35.2.16}{\376\377\0006\000.\0003\0005\000.\0002\000.\0001\0006\000\040\000z}{subsection.6.35.2}% 366
\BOOKMARK [0][-]{chapter.7}{\376\377\0007\000\040\000C\000l\000a\000s\000s\000\040\000D\000o\000c\000u\000m\000e\000n\000t\000a\000t\000i\000o\000n}{}% 367
\BOOKMARK [1][-]{section.7.1}{\376\377\0007\000.\0001\000\040\000t\000r\000a\000i\000n\000i\000n\000g\000\137\000p\000i\000p\000e\000l\000i\000n\000e\000.\000A\000u\000t\000o\000e\000n\000c\000o\000d\000e\000r\000T\000r\000a\000i\000n\000e\000r\000\040\000C\000l\000a\000s\000s\000\040\000R\000e\000f\000e\000r\000e\000n\000c\000e}{chapter.7}% 368
\BOOKMARK [2][-]{subsection.7.1.1}{\376\377\0007\000.\0001\000.\0001\000\040\000D\000e\000t\000a\000i\000l\000e\000d\000\040\000D\000e\000s\000c\000r\000i\000p\000t\000i\000o\000n}{section.7.1}% 369
\BOOKMARK [2][-]{subsection.7.1.2}{\376\377\0007\000.\0001\000.\0002\000\040\000C\000o\000n\000s\000t\000r\000u\000c\000t\000o\000r\000\040\000\046\000\040\000D\000e\000s\000t\000r\000u\000c\000t\000o\000r\000\040\000D\000o\000c\000u\000m\000e\000n\000t\000a\000t\000i\000o\000n}{section.7.1}% 370
\BOOKMARK [3][-]{subsubsection.7.1.2.1}{\376\377\0007\000.\0001\000.\0002\000.\0001\000\040\000\137\000\137\000i\000n\000i\000t\000\137\000\137\000\050\000\051}{subsection.7.1.2}% 371
\BOOKMARK [2][-]{subsection.7.1.3}{\376\377\0007\000.\0001\000.\0003\000\040\000M\000e\000m\000b\000e\000r\000\040\000F\000u\000n\000c\000t\000i\000o\000n\000\040\000D\000o\000c\000u\000m\000e\000n\000t\000a\000t\000i\000o\000n}{section.7.1}% 372
\BOOKMARK [3][-]{subsubsection.7.1.3.1}{\376\377\0007\000.\0001\000.\0003\000.\0001\000\040\000\137\000c\000o\000m\000p\000u\000t\000e\000\137\000d\000a\000t\000a\000s\000e\000t\000\137\000d\000o\000s\000e\000\137\000s\000t\000a\000t\000s\000\050\000\051}{subsection.7.1.3}% 373
\BOOKMARK [3][-]{subsubsection.7.1.3.2}{\376\377\0007\000.\0001\000.\0003\000.\0002\000\040\000\137\000t\000o\000t\000a\000l\000\137\000v\000a\000r\000i\000a\000t\000i\000o\000n\000\137\000l\000o\000s\000s\000\050\000\051}{subsection.7.1.3}% 374
\BOOKMARK [3][-]{subsubsection.7.1.3.3}{\376\377\0007\000.\0001\000.\0003\000.\0003\000\040\000c\000a\000l\000c\000u\000l\000a\000t\000e\000\137\000d\000o\000s\000e\000\137\000n\000o\000r\000m\000a\000l\000i\000z\000a\000t\000i\000o\000n\000\137\000p\000a\000r\000a\000m\000s\000\050\000\051}{subsection.7.1.3}% 375
\BOOKMARK [3][-]{subsubsection.7.1.3.4}{\376\377\0007\000.\0001\000.\0003\000.\0004\000\040\000e\000x\000t\000r\000e\000m\000e\000\137\000d\000o\000s\000e\000\137\000f\000o\000c\000u\000s\000e\000d\000\137\000l\000o\000s\000s\000\050\000\051}{subsection.7.1.3}% 376
\BOOKMARK [3][-]{subsubsection.7.1.3.5}{\376\377\0007\000.\0001\000.\0003\000.\0005\000\040\000m\000a\000s\000k\000e\000d\000\137\000d\000o\000s\000e\000\137\000l\000o\000s\000s\000\050\000\051}{subsection.7.1.3}% 377
\BOOKMARK [3][-]{subsubsection.7.1.3.6}{\376\377\0007\000.\0001\000.\0003\000.\0006\000\040\000s\000e\000t\000u\000p\000\137\000l\000o\000s\000s\000\137\000f\000u\000n\000c\000t\000i\000o\000n\000s\000\050\000\051}{subsection.7.1.3}% 378
\BOOKMARK [3][-]{subsubsection.7.1.3.7}{\376\377\0007\000.\0001\000.\0003\000.\0007\000\040\000t\000r\000a\000i\000n\000\137\000o\000n\000e\000\137\000e\000p\000o\000c\000h\000\050\000\051}{subsection.7.1.3}% 379
\BOOKMARK [3][-]{subsubsection.7.1.3.8}{\376\377\0007\000.\0001\000.\0003\000.\0008\000\040\000v\000a\000l\000i\000d\000a\000t\000e\000\050\000\051}{subsection.7.1.3}% 380
\BOOKMARK [3][-]{subsubsection.7.1.3.9}{\376\377\0007\000.\0001\000.\0003\000.\0009\000\040\000w\000e\000i\000g\000h\000t\000e\000d\000\137\000d\000o\000s\000e\000\137\000l\000o\000s\000s\000\050\000\051}{subsection.7.1.3}% 381
\BOOKMARK [2][-]{subsection.7.1.4}{\376\377\0007\000.\0001\000.\0004\000\040\000M\000e\000m\000b\000e\000r\000\040\000D\000a\000t\000a\000\040\000D\000o\000c\000u\000m\000e\000n\000t\000a\000t\000i\000o\000n}{section.7.1}% 382
\BOOKMARK [3][-]{subsubsection.7.1.4.1}{\376\377\0007\000.\0001\000.\0004\000.\0001\000\040\000a\000d\000v\000\137\000l\000o\000s\000s}{subsection.7.1.4}% 383
\BOOKMARK [3][-]{subsubsection.7.1.4.2}{\376\377\0007\000.\0001\000.\0004\000.\0002\000\040\000a\000d\000v\000\137\000w\000e\000i\000g\000h\000t}{subsection.7.1.4}% 384
\BOOKMARK [3][-]{subsubsection.7.1.4.3}{\376\377\0007\000.\0001\000.\0004\000.\0003\000\040\000a\000u\000t\000o\000e\000n\000c\000o\000d\000e\000r}{subsection.7.1.4}% 385
\BOOKMARK [3][-]{subsubsection.7.1.4.4}{\376\377\0007\000.\0001\000.\0004\000.\0004\000\040\000c\000l\000i\000p\000\137\000m\000a\000x}{subsection.7.1.4}% 386
\BOOKMARK [3][-]{subsubsection.7.1.4.5}{\376\377\0007\000.\0001\000.\0004\000.\0005\000\040\000c\000l\000i\000p\000\137\000m\000i\000n}{subsection.7.1.4}% 387
\BOOKMARK [3][-]{subsubsection.7.1.4.6}{\376\377\0007\000.\0001\000.\0004\000.\0006\000\040\000d\000e\000v\000i\000c\000e}{subsection.7.1.4}% 388
\BOOKMARK [3][-]{subsubsection.7.1.4.7}{\376\377\0007\000.\0001\000.\0004\000.\0007\000\040\000d\000i\000s\000c\000r\000i\000m\000i\000n\000a\000t\000o\000r}{subsection.7.1.4}% 389
\BOOKMARK [3][-]{subsubsection.7.1.4.8}{\376\377\0007\000.\0001\000.\0004\000.\0008\000\040\000d\000o\000s\000e\000\137\000m\000e\000a\000n}{subsection.7.1.4}% 390
\BOOKMARK [3][-]{subsubsection.7.1.4.9}{\376\377\0007\000.\0001\000.\0004\000.\0009\000\040\000d\000o\000s\000e\000\137\000s\000t\000d}{subsection.7.1.4}% 391
\BOOKMARK [3][-]{subsubsection.7.1.4.10}{\376\377\0007\000.\0001\000.\0004\000.\0001\0000\000\040\000e\000n\000e\000r\000g\000y\000\137\000m\000a\000x}{subsection.7.1.4}% 392
\BOOKMARK [3][-]{subsubsection.7.1.4.11}{\376\377\0007\000.\0001\000.\0004\000.\0001\0001\000\040\000e\000n\000e\000r\000g\000y\000\137\000m\000i\000n}{subsection.7.1.4}% 393
\BOOKMARK [3][-]{subsubsection.7.1.4.12}{\376\377\0007\000.\0001\000.\0004\000.\0001\0002\000\040\000k\000l\000\137\000w\000e\000i\000g\000h\000t}{subsection.7.1.4}% 394
\BOOKMARK [3][-]{subsubsection.7.1.4.13}{\376\377\0007\000.\0001\000.\0004\000.\0001\0003\000\040\000l\0001\000\137\000l\000o\000s\000s}{subsection.7.1.4}% 395
\BOOKMARK [3][-]{subsubsection.7.1.4.14}{\376\377\0007\000.\0001\000.\0004\000.\0001\0004\000\040\000o\000p\000t\000i\000m\000i\000z\000e\000r\000\137\000d}{subsection.7.1.4}% 396
\BOOKMARK [3][-]{subsubsection.7.1.4.15}{\376\377\0007\000.\0001\000.\0004\000.\0001\0005\000\040\000o\000p\000t\000i\000m\000i\000z\000e\000r\000\137\000g}{subsection.7.1.4}% 397
\BOOKMARK [3][-]{subsubsection.7.1.4.16}{\376\377\0007\000.\0001\000.\0004\000.\0001\0006\000\040\000p\000e\000r\000c\000e\000p\000t\000u\000a\000l\000\137\000l\000o\000s\000s}{subsection.7.1.4}% 398
\BOOKMARK [3][-]{subsubsection.7.1.4.17}{\376\377\0007\000.\0001\000.\0004\000.\0001\0007\000\040\000p\000e\000r\000c\000e\000p\000t\000u\000a\000l\000\137\000w\000e\000i\000g\000h\000t}{subsection.7.1.4}% 399
\BOOKMARK [3][-]{subsubsection.7.1.4.18}{\376\377\0007\000.\0001\000.\0004\000.\0001\0008\000\040\000t\000v\000\137\000w\000e\000i\000g\000h\000t}{subsection.7.1.4}% 400
\BOOKMARK [3][-]{subsubsection.7.1.4.19}{\376\377\0007\000.\0001\000.\0004\000.\0001\0009\000\040\000w\000a\000r\000m\000\137\000u\000p\000\137\000e\000p\000o\000c\000h\000s}{subsection.7.1.4}% 401
\BOOKMARK [1][-]{section.7.2}{\376\377\0007\000.\0002\000\040\000c\000o\000r\000r\000e\000c\000t\000e\000d\000\137\000t\000r\000a\000i\000n\000i\000n\000g\000\137\000p\000i\000p\000e\000l\000i\000n\000e\000.\000C\000o\000r\000r\000e\000c\000t\000e\000d\000D\000o\000s\000e\000N\000p\000y\000D\000a\000t\000a\000s\000e\000t\000\040\000C\000l\000a\000s\000s\000\040\000R\000e\000f\000e\000r\000e\000n\000c\000e}{chapter.7}% 402
\BOOKMARK [2][-]{subsection.7.2.1}{\376\377\0007\000.\0002\000.\0001\000\040\000D\000e\000t\000a\000i\000l\000e\000d\000\040\000D\000e\000s\000c\000r\000i\000p\000t\000i\000o\000n}{section.7.2}% 403
\BOOKMARK [2][-]{subsection.7.2.2}{\376\377\0007\000.\0002\000.\0002\000\040\000C\000o\000n\000s\000t\000r\000u\000c\000t\000o\000r\000\040\000\046\000\040\000D\000e\000s\000t\000r\000u\000c\000t\000o\000r\000\040\000D\000o\000c\000u\000m\000e\000n\000t\000a\000t\000i\000o\000n}{section.7.2}% 404
\BOOKMARK [3][-]{subsubsection.7.2.2.1}{\376\377\0007\000.\0002\000.\0002\000.\0001\000\040\000\137\000\137\000i\000n\000i\000t\000\137\000\137\000\050\000\051}{subsection.7.2.2}% 405
\BOOKMARK [2][-]{subsection.7.2.3}{\376\377\0007\000.\0002\000.\0003\000\040\000M\000e\000m\000b\000e\000r\000\040\000F\000u\000n\000c\000t\000i\000o\000n\000\040\000D\000o\000c\000u\000m\000e\000n\000t\000a\000t\000i\000o\000n}{section.7.2}% 406
\BOOKMARK [3][-]{subsubsection.7.2.3.1}{\376\377\0007\000.\0002\000.\0003\000.\0001\000\040\000\137\000\137\000g\000e\000t\000i\000t\000e\000m\000\137\000\137\000\050\000\051}{subsection.7.2.3}% 407
\BOOKMARK [3][-]{subsubsection.7.2.3.2}{\376\377\0007\000.\0002\000.\0003\000.\0002\000\040\000\137\000\137\000l\000e\000n\000\137\000\137\000\050\000\051}{subsection.7.2.3}% 408
\BOOKMARK [3][-]{subsubsection.7.2.3.3}{\376\377\0007\000.\0002\000.\0003\000.\0003\000\040\000g\000e\000t\000\137\000d\000o\000s\000e\000\137\000n\000o\000r\000m\000a\000l\000i\000z\000a\000t\000i\000o\000n\000\137\000p\000a\000r\000a\000m\000s\000\050\000\051}{subsection.7.2.3}% 409
\BOOKMARK [2][-]{subsection.7.2.4}{\376\377\0007\000.\0002\000.\0004\000\040\000M\000e\000m\000b\000e\000r\000\040\000D\000a\000t\000a\000\040\000D\000o\000c\000u\000m\000e\000n\000t\000a\000t\000i\000o\000n}{section.7.2}% 410
\BOOKMARK [3][-]{subsubsection.7.2.4.1}{\376\377\0007\000.\0002\000.\0004\000.\0001\000\040\000o\000r\000i\000g\000i\000n\000a\000l\000\137\000d\000o\000s\000e\000\137\000s\000t\000a\000t\000s}{subsection.7.2.4}% 411
\BOOKMARK [3][-]{subsubsection.7.2.4.2}{\376\377\0007\000.\0002\000.\0004\000.\0002\000\040\000r\000o\000o\000t\000\137\000d\000i\000r}{subsection.7.2.4}% 412
\BOOKMARK [3][-]{subsubsection.7.2.4.3}{\376\377\0007\000.\0002\000.\0004\000.\0003\000\040\000s\000a\000m\000p\000l\000e\000s}{subsection.7.2.4}% 413
\BOOKMARK [3][-]{subsubsection.7.2.4.4}{\376\377\0007\000.\0002\000.\0004\000.\0004\000\040\000t\000a\000r\000g\000e\000t\000\137\000r\000e\000s\000o\000l\000u\000t\000i\000o\000n}{subsection.7.2.4}% 414
\BOOKMARK [3][-]{subsubsection.7.2.4.5}{\376\377\0007\000.\0002\000.\0004\000.\0005\000\040\000t\000r\000a\000n\000s\000f\000o\000r\000m\000s}{subsection.7.2.4}% 415
\BOOKMARK [1][-]{section.7.3}{\376\377\0007\000.\0003\000\040\000c\000o\000r\000r\000e\000c\000t\000e\000d\000\137\000i\000n\000f\000e\000r\000e\000n\000c\000e\000.\000C\000o\000r\000r\000e\000c\000t\000e\000d\000I\000n\000f\000e\000r\000e\000n\000c\000e\000M\000o\000d\000u\000l\000e\000\040\000C\000l\000a\000s\000s\000\040\000R\000e\000f\000e\000r\000e\000n\000c\000e}{chapter.7}% 416
\BOOKMARK [2][-]{subsection.7.3.1}{\376\377\0007\000.\0003\000.\0001\000\040\000D\000e\000t\000a\000i\000l\000e\000d\000\040\000D\000e\000s\000c\000r\000i\000p\000t\000i\000o\000n}{section.7.3}% 417
\BOOKMARK [2][-]{subsection.7.3.2}{\376\377\0007\000.\0003\000.\0002\000\040\000C\000o\000n\000s\000t\000r\000u\000c\000t\000o\000r\000\040\000\046\000\040\000D\000e\000s\000t\000r\000u\000c\000t\000o\000r\000\040\000D\000o\000c\000u\000m\000e\000n\000t\000a\000t\000i\000o\000n}{section.7.3}% 418
\BOOKMARK [3][-]{subsubsection.7.3.2.1}{\376\377\0007\000.\0003\000.\0002\000.\0001\000\040\000\137\000\137\000i\000n\000i\000t\000\137\000\137\000\050\000\051}{subsection.7.3.2}% 419
\BOOKMARK [2][-]{subsection.7.3.3}{\376\377\0007\000.\0003\000.\0003\000\040\000M\000e\000m\000b\000e\000r\000\040\000F\000u\000n\000c\000t\000i\000o\000n\000\040\000D\000o\000c\000u\000m\000e\000n\000t\000a\000t\000i\000o\000n}{section.7.3}% 420
\BOOKMARK [3][-]{subsubsection.7.3.3.1}{\376\377\0007\000.\0003\000.\0003\000.\0001\000\040\000\137\000l\000o\000a\000d\000\137\000m\000o\000d\000e\000l\000s\000\050\000\051}{subsection.7.3.3}% 421
\BOOKMARK [3][-]{subsubsection.7.3.3.2}{\376\377\0007\000.\0003\000.\0003\000.\0002\000\040\000p\000r\000e\000p\000r\000o\000c\000e\000s\000s\000\137\000c\000t\000\050\000\051}{subsection.7.3.3}% 422
\BOOKMARK [3][-]{subsubsection.7.3.3.3}{\376\377\0007\000.\0003\000.\0003\000.\0003\000\040\000r\000u\000n\000\137\000i\000n\000f\000e\000r\000e\000n\000c\000e\000\050\000\051}{subsection.7.3.3}% 423
\BOOKMARK [3][-]{subsubsection.7.3.3.4}{\376\377\0007\000.\0003\000.\0003\000.\0004\000\040\000r\000u\000n\000\137\000i\000n\000f\000e\000r\000e\000n\000c\000e\000\137\000s\000i\000n\000g\000l\000e\000\137\000e\000n\000e\000r\000g\000y\000\050\000\051}{subsection.7.3.3}% 424
\BOOKMARK [2][-]{subsection.7.3.4}{\376\377\0007\000.\0003\000.\0004\000\040\000M\000e\000m\000b\000e\000r\000\040\000D\000a\000t\000a\000\040\000D\000o\000c\000u\000m\000e\000n\000t\000a\000t\000i\000o\000n}{section.7.3}% 425
\BOOKMARK [3][-]{subsubsection.7.3.4.1}{\376\377\0007\000.\0003\000.\0004\000.\0001\000\040\000a\000u\000t\000o\000e\000n\000c\000o\000d\000e\000r}{subsection.7.3.4}% 426
\BOOKMARK [3][-]{subsubsection.7.3.4.2}{\376\377\0007\000.\0003\000.\0004\000.\0002\000\040\000c\000h\000e\000c\000k\000p\000o\000i\000n\000t}{subsection.7.3.4}% 427
\BOOKMARK [3][-]{subsubsection.7.3.4.3}{\376\377\0007\000.\0003\000.\0004\000.\0003\000\040\000d\000e\000v\000i\000c\000e}{subsection.7.3.4}% 428
\BOOKMARK [3][-]{subsubsection.7.3.4.4}{\376\377\0007\000.\0003\000.\0004\000.\0004\000\040\000e\000n\000e\000r\000g\000i\000e\000s}{subsection.7.3.4}% 429
\BOOKMARK [3][-]{subsubsection.7.3.4.5}{\376\377\0007\000.\0003\000.\0004\000.\0005\000\040\000i\000n\000f\000e\000r\000e\000r}{subsection.7.3.4}% 430
\BOOKMARK [3][-]{subsubsection.7.3.4.6}{\376\377\0007\000.\0003\000.\0004\000.\0006\000\040\000m\000o\000d\000e\000l\000\137\000p\000a\000t\000h}{subsection.7.3.4}% 431
\BOOKMARK [3][-]{subsubsection.7.3.4.7}{\376\377\0007\000.\0003\000.\0004\000.\0007\000\040\000s\000c\000a\000l\000e\000\137\000f\000a\000c\000t\000o\000r}{subsection.7.3.4}% 432
\BOOKMARK [3][-]{subsubsection.7.3.4.8}{\376\377\0007\000.\0003\000.\0004\000.\0008\000\040\000s\000c\000h\000e\000d\000u\000l\000e\000r}{subsection.7.3.4}% 433
\BOOKMARK [3][-]{subsubsection.7.3.4.9}{\376\377\0007\000.\0003\000.\0004\000.\0009\000\040\000u\000n\000e\000t}{subsection.7.3.4}% 434
\BOOKMARK [1][-]{section.7.4}{\376\377\0007\000.\0004\000\040\000c\000o\000r\000r\000e\000c\000t\000e\000d\000\137\000t\000r\000a\000i\000n\000i\000n\000g\000\137\000p\000i\000p\000e\000l\000i\000n\000e\000.\000C\000o\000r\000r\000e\000c\000t\000e\000d\000T\000r\000a\000i\000n\000i\000n\000g\000P\000i\000p\000e\000l\000i\000n\000e\000\040\000C\000l\000a\000s\000s\000\040\000R\000e\000f\000e\000r\000e\000n\000c\000e}{chapter.7}% 435
\BOOKMARK [2][-]{subsection.7.4.1}{\376\377\0007\000.\0004\000.\0001\000\040\000D\000e\000t\000a\000i\000l\000e\000d\000\040\000D\000e\000s\000c\000r\000i\000p\000t\000i\000o\000n}{section.7.4}% 436
\BOOKMARK [2][-]{subsection.7.4.2}{\376\377\0007\000.\0004\000.\0002\000\040\000C\000o\000n\000s\000t\000r\000u\000c\000t\000o\000r\000\040\000\046\000\040\000D\000e\000s\000t\000r\000u\000c\000t\000o\000r\000\040\000D\000o\000c\000u\000m\000e\000n\000t\000a\000t\000i\000o\000n}{section.7.4}% 437
\BOOKMARK [3][-]{subsubsection.7.4.2.1}{\376\377\0007\000.\0004\000.\0002\000.\0001\000\040\000\137\000\137\000i\000n\000i\000t\000\137\000\137\000\050\000\051}{subsection.7.4.2}% 438
\BOOKMARK [2][-]{subsection.7.4.3}{\376\377\0007\000.\0004\000.\0003\000\040\000M\000e\000m\000b\000e\000r\000\040\000F\000u\000n\000c\000t\000i\000o\000n\000\040\000D\000o\000c\000u\000m\000e\000n\000t\000a\000t\000i\000o\000n}{section.7.4}% 439
\BOOKMARK [3][-]{subsubsection.7.4.3.1}{\376\377\0007\000.\0004\000.\0003\000.\0001\000\040\000c\000a\000l\000c\000u\000l\000a\000t\000e\000\137\000c\000o\000r\000r\000e\000c\000t\000e\000d\000\137\000s\000c\000a\000l\000i\000n\000g\000\137\000f\000a\000c\000t\000o\000r\000\050\000\051}{subsection.7.4.3}% 440
\BOOKMARK [3][-]{subsubsection.7.4.3.2}{\376\377\0007\000.\0004\000.\0003\000.\0002\000\040\000c\000r\000e\000a\000t\000e\000\137\000c\000o\000r\000r\000e\000c\000t\000e\000d\000\137\000t\000r\000a\000n\000s\000f\000o\000r\000m\000s\000\050\000\051}{subsection.7.4.3}% 441
\BOOKMARK [3][-]{subsubsection.7.4.3.3}{\376\377\0007\000.\0004\000.\0003\000.\0003\000\040\000r\000u\000n\000\137\000c\000o\000r\000r\000e\000c\000t\000e\000d\000\137\000t\000r\000a\000i\000n\000i\000n\000g\000\050\000\051}{subsection.7.4.3}% 442
\BOOKMARK [3][-]{subsubsection.7.4.3.4}{\376\377\0007\000.\0004\000.\0003\000.\0004\000\040\000s\000e\000t\000u\000p\000\137\000u\000n\000i\000f\000i\000e\000d\000\137\000m\000o\000d\000e\000l\000\050\000\051}{subsection.7.4.3}% 443
\BOOKMARK [3][-]{subsubsection.7.4.3.5}{\376\377\0007\000.\0004\000.\0003\000.\0005\000\040\000t\000r\000a\000i\000n\000\137\000u\000n\000i\000f\000i\000e\000d\000\137\000m\000o\000d\000e\000l\000\050\000\051}{subsection.7.4.3}% 444
\BOOKMARK [2][-]{subsection.7.4.4}{\376\377\0007\000.\0004\000.\0004\000\040\000M\000e\000m\000b\000e\000r\000\040\000D\000a\000t\000a\000\040\000D\000o\000c\000u\000m\000e\000n\000t\000a\000t\000i\000o\000n}{section.7.4}% 445
\BOOKMARK [3][-]{subsubsection.7.4.4.1}{\376\377\0007\000.\0004\000.\0004\000.\0001\000\040\000b\000a\000t\000c\000h\000\137\000s\000i\000z\000e}{subsection.7.4.4}% 446
\BOOKMARK [3][-]{subsubsection.7.4.4.2}{\376\377\0007\000.\0004\000.\0004\000.\0002\000\040\000c\000u\000b\000e\000\137\000s\000i\000z\000e}{subsection.7.4.4}% 447
\BOOKMARK [3][-]{subsubsection.7.4.4.3}{\376\377\0007\000.\0004\000.\0004\000.\0003\000\040\000d\000e\000v\000i\000c\000e}{subsection.7.4.4}% 448
\BOOKMARK [3][-]{subsubsection.7.4.4.4}{\376\377\0007\000.\0004\000.\0004\000.\0004\000\040\000e\000n\000e\000r\000g\000i\000e\000s}{subsection.7.4.4}% 449
\BOOKMARK [3][-]{subsubsection.7.4.4.5}{\376\377\0007\000.\0004\000.\0004\000.\0005\000\040\000l\000e\000a\000r\000n\000i\000n\000g\000\137\000r\000a\000t\000e}{subsection.7.4.4}% 450
\BOOKMARK [3][-]{subsubsection.7.4.4.6}{\376\377\0007\000.\0004\000.\0004\000.\0006\000\040\000n\000u\000m\000\137\000e\000p\000o\000c\000h\000s}{subsection.7.4.4}% 451
\BOOKMARK [3][-]{subsubsection.7.4.4.7}{\376\377\0007\000.\0004\000.\0004\000.\0007\000\040\000r\000o\000o\000t\000\137\000d\000i\000r}{subsection.7.4.4}% 452
\BOOKMARK [3][-]{subsubsection.7.4.4.8}{\376\377\0007\000.\0004\000.\0004\000.\0008\000\040\000t\000a\000r\000g\000e\000t\000\137\000r\000e\000s\000o\000l\000u\000t\000i\000o\000n}{subsection.7.4.4}% 453
\BOOKMARK [1][-]{section.7.5}{\376\377\0007\000.\0005\000\040\000d\000a\000t\000a\000\137\000m\000a\000n\000a\000g\000e\000m\000e\000n\000t\000.\000D\000a\000t\000a\000L\000o\000a\000d\000e\000r\000M\000o\000d\000u\000l\000e\000\040\000C\000l\000a\000s\000s\000\040\000R\000e\000f\000e\000r\000e\000n\000c\000e}{chapter.7}% 454
\BOOKMARK [2][-]{subsection.7.5.1}{\376\377\0007\000.\0005\000.\0001\000\040\000D\000e\000t\000a\000i\000l\000e\000d\000\040\000D\000e\000s\000c\000r\000i\000p\000t\000i\000o\000n}{section.7.5}% 455
\BOOKMARK [2][-]{subsection.7.5.2}{\376\377\0007\000.\0005\000.\0002\000\040\000C\000o\000n\000s\000t\000r\000u\000c\000t\000o\000r\000\040\000\046\000\040\000D\000e\000s\000t\000r\000u\000c\000t\000o\000r\000\040\000D\000o\000c\000u\000m\000e\000n\000t\000a\000t\000i\000o\000n}{section.7.5}% 456
\BOOKMARK [3][-]{subsubsection.7.5.2.1}{\376\377\0007\000.\0005\000.\0002\000.\0001\000\040\000\137\000\137\000i\000n\000i\000t\000\137\000\137\000\050\000\051}{subsection.7.5.2}% 457
\BOOKMARK [2][-]{subsection.7.5.3}{\376\377\0007\000.\0005\000.\0003\000\040\000M\000e\000m\000b\000e\000r\000\040\000F\000u\000n\000c\000t\000i\000o\000n\000\040\000D\000o\000c\000u\000m\000e\000n\000t\000a\000t\000i\000o\000n}{section.7.5}% 458
\BOOKMARK [3][-]{subsubsection.7.5.3.1}{\376\377\0007\000.\0005\000.\0003\000.\0001\000\040\000c\000r\000e\000a\000t\000e\000\137\000d\000a\000t\000a\000\137\000l\000o\000a\000d\000e\000r\000\050\000\051}{subsection.7.5.3}% 459
\BOOKMARK [3][-]{subsubsection.7.5.3.2}{\376\377\0007\000.\0005\000.\0003\000.\0002\000\040\000c\000u\000s\000t\000o\000m\000\137\000c\000o\000l\000l\000a\000t\000e\000\050\000\051}{subsection.7.5.3}% 460
\BOOKMARK [3][-]{subsubsection.7.5.3.3}{\376\377\0007\000.\0005\000.\0003\000.\0003\000\040\000l\000o\000a\000d\000\137\000d\000a\000t\000a\000s\000e\000t\000\050\000\051}{subsection.7.5.3}% 461
\BOOKMARK [3][-]{subsubsection.7.5.3.4}{\376\377\0007\000.\0005\000.\0003\000.\0004\000\040\000s\000p\000l\000i\000t\000\137\000d\000a\000t\000a\000s\000e\000t\000\050\000\051}{subsection.7.5.3}% 462
\BOOKMARK [2][-]{subsection.7.5.4}{\376\377\0007\000.\0005\000.\0004\000\040\000M\000e\000m\000b\000e\000r\000\040\000D\000a\000t\000a\000\040\000D\000o\000c\000u\000m\000e\000n\000t\000a\000t\000i\000o\000n}{section.7.5}% 463
\BOOKMARK [3][-]{subsubsection.7.5.4.1}{\376\377\0007\000.\0005\000.\0004\000.\0001\000\040\000r\000o\000o\000t\000\137\000d\000i\000r}{subsection.7.5.4}% 464
\BOOKMARK [3][-]{subsubsection.7.5.4.2}{\376\377\0007\000.\0005\000.\0004\000.\0002\000\040\000s\000e\000e\000d}{subsection.7.5.4}% 465
\BOOKMARK [3][-]{subsubsection.7.5.4.3}{\376\377\0007\000.\0005\000.\0004\000.\0003\000\040\000t\000r\000a\000i\000n\000\137\000r\000a\000t\000i\000o}{subsection.7.5.4}% 466
\BOOKMARK [3][-]{subsubsection.7.5.4.4}{\376\377\0007\000.\0005\000.\0004\000.\0004\000\040\000t\000r\000a\000n\000s\000f\000o\000r\000m\000s}{subsection.7.5.4}% 467
\BOOKMARK [1][-]{section.7.6}{\376\377\0007\000.\0006\000\040\000t\000r\000a\000i\000n\000i\000n\000g\000\137\000p\000i\000p\000e\000l\000i\000n\000e\000.\000D\000i\000f\000f\000u\000s\000i\000o\000n\000T\000r\000a\000i\000n\000e\000r\000\040\000C\000l\000a\000s\000s\000\040\000R\000e\000f\000e\000r\000e\000n\000c\000e}{chapter.7}% 468
\BOOKMARK [2][-]{subsection.7.6.1}{\376\377\0007\000.\0006\000.\0001\000\040\000D\000e\000t\000a\000i\000l\000e\000d\000\040\000D\000e\000s\000c\000r\000i\000p\000t\000i\000o\000n}{section.7.6}% 469
\BOOKMARK [2][-]{subsection.7.6.2}{\376\377\0007\000.\0006\000.\0002\000\040\000C\000o\000n\000s\000t\000r\000u\000c\000t\000o\000r\000\040\000\046\000\040\000D\000e\000s\000t\000r\000u\000c\000t\000o\000r\000\040\000D\000o\000c\000u\000m\000e\000n\000t\000a\000t\000i\000o\000n}{section.7.6}% 470
\BOOKMARK [3][-]{subsubsection.7.6.2.1}{\376\377\0007\000.\0006\000.\0002\000.\0001\000\040\000\137\000\137\000i\000n\000i\000t\000\137\000\137\000\050\000\051}{subsection.7.6.2}% 471
\BOOKMARK [2][-]{subsection.7.6.3}{\376\377\0007\000.\0006\000.\0003\000\040\000M\000e\000m\000b\000e\000r\000\040\000F\000u\000n\000c\000t\000i\000o\000n\000\040\000D\000o\000c\000u\000m\000e\000n\000t\000a\000t\000i\000o\000n}{section.7.6}% 472
\BOOKMARK [3][-]{subsubsection.7.6.3.1}{\376\377\0007\000.\0006\000.\0003\000.\0001\000\040\000t\000r\000a\000i\000n\000\137\000o\000n\000e\000\137\000e\000p\000o\000c\000h\000\050\000\051}{subsection.7.6.3}% 473
\BOOKMARK [2][-]{subsection.7.6.4}{\376\377\0007\000.\0006\000.\0004\000\040\000M\000e\000m\000b\000e\000r\000\040\000D\000a\000t\000a\000\040\000D\000o\000c\000u\000m\000e\000n\000t\000a\000t\000i\000o\000n}{section.7.6}% 474
\BOOKMARK [3][-]{subsubsection.7.6.4.1}{\376\377\0007\000.\0006\000.\0004\000.\0001\000\040\000c\000r\000o\000s\000s\000\137\000a\000t\000t\000n\000\137\000d\000i\000m}{subsection.7.6.4}% 475
\BOOKMARK [3][-]{subsubsection.7.6.4.2}{\376\377\0007\000.\0006\000.\0004\000.\0002\000\040\000d\000e\000v\000i\000c\000e}{subsection.7.6.4}% 476
\BOOKMARK [3][-]{subsubsection.7.6.4.3}{\376\377\0007\000.\0006\000.\0004\000.\0003\000\040\000d\000i\000f\000f\000u\000s\000i\000o\000n\000\137\000m\000o\000d\000e\000l}{subsection.7.6.4}% 477
\BOOKMARK [3][-]{subsubsection.7.6.4.4}{\376\377\0007\000.\0006\000.\0004\000.\0004\000\040\000e\000n\000e\000r\000g\000y\000\137\000m\000a\000x}{subsection.7.6.4}% 478
\BOOKMARK [3][-]{subsubsection.7.6.4.5}{\376\377\0007\000.\0006\000.\0004\000.\0005\000\040\000e\000n\000e\000r\000g\000y\000\137\000m\000i\000n}{subsection.7.6.4}% 479
\BOOKMARK [3][-]{subsubsection.7.6.4.6}{\376\377\0007\000.\0006\000.\0004\000.\0006\000\040\000o\000p\000t\000i\000m\000i\000z\000e\000r\000\137\000d\000i\000f\000f}{subsection.7.6.4}% 480
\BOOKMARK [1][-]{section.7.7}{\376\377\0007\000.\0007\000\040\000s\000y\000s\000t\000e\000m\000a\000t\000i\000c\000\137\000d\000o\000s\000e\000\137\000d\000i\000a\000g\000n\000o\000s\000i\000s\000.\000D\000o\000s\000e\000N\000o\000r\000m\000a\000l\000i\000z\000a\000t\000i\000o\000n\000D\000i\000a\000g\000n\000o\000s\000t\000i\000c\000\040\000C\000l\000a\000s\000s\000\040\000R\000e\000f\000e\000r\000e\000n\000c\000e}{chapter.7}% 481
\BOOKMARK [2][-]{subsection.7.7.1}{\376\377\0007\000.\0007\000.\0001\000\040\000D\000e\000t\000a\000i\000l\000e\000d\000\040\000D\000e\000s\000c\000r\000i\000p\000t\000i\000o\000n}{section.7.7}% 482
\BOOKMARK [2][-]{subsection.7.7.2}{\376\377\0007\000.\0007\000.\0002\000\040\000C\000o\000n\000s\000t\000r\000u\000c\000t\000o\000r\000\040\000\046\000\040\000D\000e\000s\000t\000r\000u\000c\000t\000o\000r\000\040\000D\000o\000c\000u\000m\000e\000n\000t\000a\000t\000i\000o\000n}{section.7.7}% 483
\BOOKMARK [3][-]{subsubsection.7.7.2.1}{\376\377\0007\000.\0007\000.\0002\000.\0001\000\040\000\137\000\137\000i\000n\000i\000t\000\137\000\137\000\050\000\051}{subsection.7.7.2}% 484
\BOOKMARK [2][-]{subsection.7.7.3}{\376\377\0007\000.\0007\000.\0003\000\040\000M\000e\000m\000b\000e\000r\000\040\000F\000u\000n\000c\000t\000i\000o\000n\000\040\000D\000o\000c\000u\000m\000e\000n\000t\000a\000t\000i\000o\000n}{section.7.7}% 485
\BOOKMARK [3][-]{subsubsection.7.7.3.1}{\376\377\0007\000.\0007\000.\0003\000.\0001\000\040\000a\000n\000a\000l\000y\000z\000e\000\137\000c\000h\000e\000c\000k\000p\000o\000i\000n\000t\000\137\000p\000a\000r\000a\000m\000e\000t\000e\000r\000s\000\050\000\051}{subsection.7.7.3}% 486
\BOOKMARK [3][-]{subsubsection.7.7.3.2}{\376\377\0007\000.\0007\000.\0003\000.\0002\000\040\000a\000n\000a\000l\000y\000z\000e\000\137\000i\000n\000f\000e\000r\000e\000n\000c\000e\000\137\000f\000l\000o\000w\000\050\000\051}{subsection.7.7.3}% 487
\BOOKMARK [3][-]{subsubsection.7.7.3.3}{\376\377\0007\000.\0007\000.\0003\000.\0003\000\040\000a\000n\000a\000l\000y\000z\000e\000\137\000r\000a\000w\000\137\000d\000o\000s\000e\000\137\000d\000a\000t\000a\000\050\000\051}{subsection.7.7.3}% 488
\BOOKMARK [3][-]{subsubsection.7.7.3.4}{\376\377\0007\000.\0007\000.\0003\000.\0004\000\040\000a\000n\000a\000l\000y\000z\000e\000\137\000t\000r\000a\000i\000n\000i\000n\000g\000\137\000n\000o\000r\000m\000a\000l\000i\000z\000a\000t\000i\000o\000n\000\050\000\051}{subsection.7.7.3}% 489
\BOOKMARK [3][-]{subsubsection.7.7.3.5}{\376\377\0007\000.\0007\000.\0003\000.\0005\000\040\000c\000r\000e\000a\000t\000e\000\137\000v\000i\000s\000u\000a\000l\000i\000z\000a\000t\000i\000o\000n\000\050\000\051}{subsection.7.7.3}% 490
\BOOKMARK [3][-]{subsubsection.7.7.3.6}{\376\377\0007\000.\0007\000.\0003\000.\0006\000\040\000g\000e\000n\000e\000r\000a\000t\000e\000\137\000r\000e\000c\000o\000m\000m\000e\000n\000d\000a\000t\000i\000o\000n\000s\000\050\000\051}{subsection.7.7.3}% 491
\BOOKMARK [3][-]{subsubsection.7.7.3.7}{\376\377\0007\000.\0007\000.\0003\000.\0007\000\040\000p\000e\000r\000f\000o\000r\000m\000\137\000d\000a\000t\000a\000\137\000f\000l\000o\000w\000\137\000a\000n\000a\000l\000y\000s\000i\000s\000\050\000\051}{subsection.7.7.3}% 492
\BOOKMARK [3][-]{subsubsection.7.7.3.8}{\376\377\0007\000.\0007\000.\0003\000.\0008\000\040\000r\000u\000n\000\137\000f\000u\000l\000l\000\137\000d\000i\000a\000g\000n\000o\000s\000i\000s\000\050\000\051}{subsection.7.7.3}% 493
\BOOKMARK [3][-]{subsubsection.7.7.3.9}{\376\377\0007\000.\0007\000.\0003\000.\0009\000\040\000s\000a\000v\000e\000\137\000r\000e\000s\000u\000l\000t\000s\000\050\000\051}{subsection.7.7.3}% 494
\BOOKMARK [2][-]{subsection.7.7.4}{\376\377\0007\000.\0007\000.\0004\000\040\000M\000e\000m\000b\000e\000r\000\040\000D\000a\000t\000a\000\040\000D\000o\000c\000u\000m\000e\000n\000t\000a\000t\000i\000o\000n}{section.7.7}% 495
\BOOKMARK [3][-]{subsubsection.7.7.4.1}{\376\377\0007\000.\0007\000.\0004\000.\0001\000\040\000c\000h\000e\000c\000k\000p\000o\000i\000n\000t\000\137\000p\000a\000t\000h}{subsection.7.7.4}% 496
\BOOKMARK [3][-]{subsubsection.7.7.4.2}{\376\377\0007\000.\0007\000.\0004\000.\0002\000\040\000r\000e\000s\000u\000l\000t\000s}{subsection.7.7.4}% 497
\BOOKMARK [3][-]{subsubsection.7.7.4.3}{\376\377\0007\000.\0007\000.\0004\000.\0003\000\040\000t\000r\000a\000i\000n\000d\000a\000t\000a\000\137\000d\000i\000r}{subsection.7.7.4}% 498
\BOOKMARK [1][-]{section.7.8}{\376\377\0007\000.\0008\000\040\000d\000a\000t\000a\000\137\000m\000a\000n\000a\000g\000e\000m\000e\000n\000t\000.\000D\000o\000s\000e\000N\000p\000y\000D\000a\000t\000a\000s\000e\000t\000\040\000C\000l\000a\000s\000s\000\040\000R\000e\000f\000e\000r\000e\000n\000c\000e}{chapter.7}% 499
\BOOKMARK [2][-]{subsection.7.8.1}{\376\377\0007\000.\0008\000.\0001\000\040\000D\000e\000t\000a\000i\000l\000e\000d\000\040\000D\000e\000s\000c\000r\000i\000p\000t\000i\000o\000n}{section.7.8}% 500
\BOOKMARK [2][-]{subsection.7.8.2}{\376\377\0007\000.\0008\000.\0002\000\040\000C\000o\000n\000s\000t\000r\000u\000c\000t\000o\000r\000\040\000\046\000\040\000D\000e\000s\000t\000r\000u\000c\000t\000o\000r\000\040\000D\000o\000c\000u\000m\000e\000n\000t\000a\000t\000i\000o\000n}{section.7.8}% 501
\BOOKMARK [3][-]{subsubsection.7.8.2.1}{\376\377\0007\000.\0008\000.\0002\000.\0001\000\040\000\137\000\137\000i\000n\000i\000t\000\137\000\137\000\050\000\051}{subsection.7.8.2}% 502
\BOOKMARK [2][-]{subsection.7.8.3}{\376\377\0007\000.\0008\000.\0003\000\040\000M\000e\000m\000b\000e\000r\000\040\000F\000u\000n\000c\000t\000i\000o\000n\000\040\000D\000o\000c\000u\000m\000e\000n\000t\000a\000t\000i\000o\000n}{section.7.8}% 503
\BOOKMARK [3][-]{subsubsection.7.8.3.1}{\376\377\0007\000.\0008\000.\0003\000.\0001\000\040\000\137\000\137\000g\000e\000t\000i\000t\000e\000m\000\137\000\137\000\050\000\051}{subsection.7.8.3}% 504
\BOOKMARK [3][-]{subsubsection.7.8.3.2}{\376\377\0007\000.\0008\000.\0003\000.\0002\000\040\000\137\000\137\000l\000e\000n\000\137\000\137\000\050\000\051}{subsection.7.8.3}% 505
\BOOKMARK [3][-]{subsubsection.7.8.3.3}{\376\377\0007\000.\0008\000.\0003\000.\0003\000\040\000v\000a\000l\000i\000d\000a\000t\000e\000\137\000s\000a\000m\000p\000l\000e\000\137\000q\000u\000a\000l\000i\000t\000y\000\050\000\051}{subsection.7.8.3}% 506
\BOOKMARK [2][-]{subsection.7.8.4}{\376\377\0007\000.\0008\000.\0004\000\040\000M\000e\000m\000b\000e\000r\000\040\000D\000a\000t\000a\000\040\000D\000o\000c\000u\000m\000e\000n\000t\000a\000t\000i\000o\000n}{section.7.8}% 507
\BOOKMARK [3][-]{subsubsection.7.8.4.1}{\376\377\0007\000.\0008\000.\0004\000.\0001\000\040\000s\000a\000m\000p\000l\000e\000s}{subsection.7.8.4}% 508
\BOOKMARK [3][-]{subsubsection.7.8.4.2}{\376\377\0007\000.\0008\000.\0004\000.\0002\000\040\000t\000r\000a\000n\000s\000f\000o\000r\000m\000s}{subsection.7.8.4}% 509
\BOOKMARK [1][-]{section.7.9}{\376\377\0007\000.\0009\000\040\000t\000r\000a\000i\000n\000i\000n\000g\000\137\000p\000i\000p\000e\000l\000i\000n\000e\000.\000E\000a\000r\000l\000y\000S\000t\000o\000p\000p\000i\000n\000g\000\040\000C\000l\000a\000s\000s\000\040\000R\000e\000f\000e\000r\000e\000n\000c\000e}{chapter.7}% 510
\BOOKMARK [2][-]{subsection.7.9.1}{\376\377\0007\000.\0009\000.\0001\000\040\000D\000e\000t\000a\000i\000l\000e\000d\000\040\000D\000e\000s\000c\000r\000i\000p\000t\000i\000o\000n}{section.7.9}% 511
\BOOKMARK [2][-]{subsection.7.9.2}{\376\377\0007\000.\0009\000.\0002\000\040\000C\000o\000n\000s\000t\000r\000u\000c\000t\000o\000r\000\040\000\046\000\040\000D\000e\000s\000t\000r\000u\000c\000t\000o\000r\000\040\000D\000o\000c\000u\000m\000e\000n\000t\000a\000t\000i\000o\000n}{section.7.9}% 512
\BOOKMARK [3][-]{subsubsection.7.9.2.1}{\376\377\0007\000.\0009\000.\0002\000.\0001\000\040\000\137\000\137\000i\000n\000i\000t\000\137\000\137\000\050\000\051}{subsection.7.9.2}% 513
\BOOKMARK [2][-]{subsection.7.9.3}{\376\377\0007\000.\0009\000.\0003\000\040\000M\000e\000m\000b\000e\000r\000\040\000F\000u\000n\000c\000t\000i\000o\000n\000\040\000D\000o\000c\000u\000m\000e\000n\000t\000a\000t\000i\000o\000n}{section.7.9}% 514
\BOOKMARK [3][-]{subsubsection.7.9.3.1}{\376\377\0007\000.\0009\000.\0003\000.\0001\000\040\000r\000e\000s\000e\000t\000\050\000\051}{subsection.7.9.3}% 515
\BOOKMARK [3][-]{subsubsection.7.9.3.2}{\376\377\0007\000.\0009\000.\0003\000.\0002\000\040\000u\000p\000d\000a\000t\000e\000\050\000\051}{subsection.7.9.3}% 516
\BOOKMARK [2][-]{subsection.7.9.4}{\376\377\0007\000.\0009\000.\0004\000\040\000M\000e\000m\000b\000e\000r\000\040\000D\000a\000t\000a\000\040\000D\000o\000c\000u\000m\000e\000n\000t\000a\000t\000i\000o\000n}{section.7.9}% 517
\BOOKMARK [3][-]{subsubsection.7.9.4.1}{\376\377\0007\000.\0009\000.\0004\000.\0001\000\040\000b\000e\000s\000t\000\137\000v\000a\000l\000\137\000l\000o\000s\000s}{subsection.7.9.4}% 518
\BOOKMARK [3][-]{subsubsection.7.9.4.2}{\376\377\0007\000.\0009\000.\0004\000.\0002\000\040\000e\000p\000o\000c\000h\000s\000\137\000n\000o\000\137\000i\000m\000p\000r\000o\000v\000e\000m\000e\000n\000t}{subsection.7.9.4}% 519
\BOOKMARK [3][-]{subsubsection.7.9.4.3}{\376\377\0007\000.\0009\000.\0004\000.\0003\000\040\000p\000a\000t\000i\000e\000n\000c\000e}{subsection.7.9.4}% 520
\BOOKMARK [1][-]{section.7.10}{\376\377\0007\000.\0001\0000\000\040\000d\000a\000t\000a\000\137\000m\000a\000n\000a\000g\000e\000m\000e\000n\000t\000.\000H\000o\000t\000s\000p\000o\000t\000P\000a\000t\000c\000h\000D\000a\000t\000a\000s\000e\000t\000\040\000C\000l\000a\000s\000s\000\040\000R\000e\000f\000e\000r\000e\000n\000c\000e}{chapter.7}% 521
\BOOKMARK [2][-]{subsection.7.10.1}{\376\377\0007\000.\0001\0000\000.\0001\000\040\000D\000e\000t\000a\000i\000l\000e\000d\000\040\000D\000e\000s\000c\000r\000i\000p\000t\000i\000o\000n}{section.7.10}% 522
\BOOKMARK [2][-]{subsection.7.10.2}{\376\377\0007\000.\0001\0000\000.\0002\000\040\000C\000o\000n\000s\000t\000r\000u\000c\000t\000o\000r\000\040\000\046\000\040\000D\000e\000s\000t\000r\000u\000c\000t\000o\000r\000\040\000D\000o\000c\000u\000m\000e\000n\000t\000a\000t\000i\000o\000n}{section.7.10}% 523
\BOOKMARK [3][-]{subsubsection.7.10.2.1}{\376\377\0007\000.\0001\0000\000.\0002\000.\0001\000\040\000\137\000\137\000i\000n\000i\000t\000\137\000\137\000\050\000\051}{subsection.7.10.2}% 524
\BOOKMARK [2][-]{subsection.7.10.3}{\376\377\0007\000.\0001\0000\000.\0003\000\040\000M\000e\000m\000b\000e\000r\000\040\000F\000u\000n\000c\000t\000i\000o\000n\000\040\000D\000o\000c\000u\000m\000e\000n\000t\000a\000t\000i\000o\000n}{section.7.10}% 525
\BOOKMARK [3][-]{subsubsection.7.10.3.1}{\376\377\0007\000.\0001\0000\000.\0003\000.\0001\000\040\000\137\000\137\000g\000e\000t\000i\000t\000e\000m\000\137\000\137\000\050\000\051}{subsection.7.10.3}% 526
\BOOKMARK [3][-]{subsubsection.7.10.3.2}{\376\377\0007\000.\0001\0000\000.\0003\000.\0002\000\040\000\137\000\137\000l\000e\000n\000\137\000\137\000\050\000\051}{subsection.7.10.3}% 527
\BOOKMARK [2][-]{subsection.7.10.4}{\376\377\0007\000.\0001\0000\000.\0004\000\040\000M\000e\000m\000b\000e\000r\000\040\000D\000a\000t\000a\000\040\000D\000o\000c\000u\000m\000e\000n\000t\000a\000t\000i\000o\000n}{section.7.10}% 528
\BOOKMARK [3][-]{subsubsection.7.10.4.1}{\376\377\0007\000.\0001\0000\000.\0004\000.\0001\000\040\000m\000a\000x\000\137\000p\000a\000t\000c\000h\000e\000s\000\137\000p\000e\000r\000\137\000e\000n\000e\000r\000g\000y}{subsection.7.10.4}% 529
\BOOKMARK [3][-]{subsubsection.7.10.4.2}{\376\377\0007\000.\0001\0000\000.\0004\000.\0002\000\040\000p\000a\000t\000c\000h\000\137\000r\000e\000c\000o\000r\000d\000s}{subsection.7.10.4}% 530
\BOOKMARK [3][-]{subsubsection.7.10.4.3}{\376\377\0007\000.\0001\0000\000.\0004\000.\0003\000\040\000p\000a\000t\000c\000h\000\137\000s\000i\000z\000e}{subsection.7.10.4}% 531
\BOOKMARK [3][-]{subsubsection.7.10.4.4}{\376\377\0007\000.\0001\0000\000.\0004\000.\0004\000\040\000p\000a\000t\000c\000h\000\137\000s\000t\000a\000t\000s}{subsection.7.10.4}% 532
\BOOKMARK [3][-]{subsubsection.7.10.4.5}{\376\377\0007\000.\0001\0000\000.\0004\000.\0005\000\040\000s\000e\000l\000e\000c\000t\000e\000d\000\137\000e\000n\000e\000r\000g\000y}{subsection.7.10.4}% 533
\BOOKMARK [3][-]{subsubsection.7.10.4.6}{\376\377\0007\000.\0001\0000\000.\0004\000.\0006\000\040\000t\000r\000a\000n\000s\000f\000o\000r\000m\000s}{subsection.7.10.4}% 534
\BOOKMARK [1][-]{section.7.11}{\376\377\0007\000.\0001\0001\000\040\000i\000n\000f\000e\000r\000e\000n\000c\000e\000\137\000m\000o\000d\000u\000l\000e\000.\000I\000n\000f\000e\000r\000e\000n\000c\000e\000M\000o\000d\000u\000l\000e\000\040\000C\000l\000a\000s\000s\000\040\000R\000e\000f\000e\000r\000e\000n\000c\000e}{chapter.7}% 535
\BOOKMARK [2][-]{subsection.7.11.1}{\376\377\0007\000.\0001\0001\000.\0001\000\040\000D\000e\000t\000a\000i\000l\000e\000d\000\040\000D\000e\000s\000c\000r\000i\000p\000t\000i\000o\000n}{section.7.11}% 536
\BOOKMARK [2][-]{subsection.7.11.2}{\376\377\0007\000.\0001\0001\000.\0002\000\040\000C\000o\000n\000s\000t\000r\000u\000c\000t\000o\000r\000\040\000\046\000\040\000D\000e\000s\000t\000r\000u\000c\000t\000o\000r\000\040\000D\000o\000c\000u\000m\000e\000n\000t\000a\000t\000i\000o\000n}{section.7.11}% 537
\BOOKMARK [3][-]{subsubsection.7.11.2.1}{\376\377\0007\000.\0001\0001\000.\0002\000.\0001\000\040\000\137\000\137\000i\000n\000i\000t\000\137\000\137\000\050\000\051}{subsection.7.11.2}% 538
\BOOKMARK [2][-]{subsection.7.11.3}{\376\377\0007\000.\0001\0001\000.\0003\000\040\000M\000e\000m\000b\000e\000r\000\040\000F\000u\000n\000c\000t\000i\000o\000n\000\040\000D\000o\000c\000u\000m\000e\000n\000t\000a\000t\000i\000o\000n}{section.7.11}% 539
\BOOKMARK [3][-]{subsubsection.7.11.3.1}{\376\377\0007\000.\0001\0001\000.\0003\000.\0001\000\040\000\137\000c\000o\000m\000p\000u\000t\000e\000\137\000s\000c\000a\000l\000e\000\137\000f\000a\000c\000t\000o\000r\000\050\000\051}{subsection.7.11.3}% 540
\BOOKMARK [3][-]{subsubsection.7.11.3.2}{\376\377\0007\000.\0001\0001\000.\0003\000.\0002\000\040\000g\000e\000t\000\137\000e\000n\000e\000r\000g\000y\000\137\000n\000o\000r\000m\000a\000l\000i\000z\000a\000t\000i\000o\000n\000\137\000p\000a\000r\000a\000m\000s\000\050\000\051}{subsection.7.11.3}% 541
\BOOKMARK [3][-]{subsubsection.7.11.3.3}{\376\377\0007\000.\0001\0001\000.\0003\000.\0003\000\040\000p\000r\000e\000p\000r\000o\000c\000e\000s\000s\000\137\000c\000t\000\050\000\051}{subsection.7.11.3}% 542
\BOOKMARK [3][-]{subsubsection.7.11.3.4}{\376\377\0007\000.\0001\0001\000.\0003\000.\0004\000\040\000r\000u\000n\000\137\000i\000n\000f\000e\000r\000e\000n\000c\000e\000\050\000\051}{subsection.7.11.3}% 543
\BOOKMARK [3][-]{subsubsection.7.11.3.5}{\376\377\0007\000.\0001\0001\000.\0003\000.\0005\000\040\000r\000u\000n\000\137\000i\000n\000f\000e\000r\000e\000n\000c\000e\000\137\000c\000o\000n\000d\000i\000t\000i\000o\000n\000e\000d\000\137\000o\000n\000\137\000e\000n\000e\000r\000g\000y\000\050\000\051}{subsection.7.11.3}% 544
\BOOKMARK [3][-]{subsubsection.7.11.3.6}{\376\377\0007\000.\0001\0001\000.\0003\000.\0006\000\040\000r\000u\000n\000\137\000i\000n\000f\000e\000r\000e\000n\000c\000e\000\137\000o\000v\000e\000r\000\137\000e\000n\000e\000r\000g\000i\000e\000s\000\050\000\051}{subsection.7.11.3}% 545
\BOOKMARK [2][-]{subsection.7.11.4}{\376\377\0007\000.\0001\0001\000.\0004\000\040\000M\000e\000m\000b\000e\000r\000\040\000D\000a\000t\000a\000\040\000D\000o\000c\000u\000m\000e\000n\000t\000a\000t\000i\000o\000n}{section.7.11}% 546
\BOOKMARK [3][-]{subsubsection.7.11.4.1}{\376\377\0007\000.\0001\0001\000.\0004\000.\0001\000\040\000c\000l\000i\000p\000\137\000m\000a\000x}{subsection.7.11.4}% 547
\BOOKMARK [3][-]{subsubsection.7.11.4.2}{\376\377\0007\000.\0001\0001\000.\0004\000.\0002\000\040\000c\000l\000i\000p\000\137\000m\000i\000n}{subsection.7.11.4}% 548
\BOOKMARK [3][-]{subsubsection.7.11.4.3}{\376\377\0007\000.\0001\0001\000.\0004\000.\0003\000\040\000d\000e\000v\000i\000c\000e}{subsection.7.11.4}% 549
\BOOKMARK [3][-]{subsubsection.7.11.4.4}{\376\377\0007\000.\0001\0001\000.\0004\000.\0004\000\040\000d\000o\000s\000e\000\137\000n\000o\000r\000m\000a\000l\000i\000z\000a\000t\000i\000o\000n\000\137\000p\000a\000r\000a\000m\000s}{subsection.7.11.4}% 550
\BOOKMARK [3][-]{subsubsection.7.11.4.5}{\376\377\0007\000.\0001\0001\000.\0004\000.\0005\000\040\000e\000n\000e\000r\000g\000i\000e\000s}{subsection.7.11.4}% 551
\BOOKMARK [3][-]{subsubsection.7.11.4.6}{\376\377\0007\000.\0001\0001\000.\0004\000.\0006\000\040\000e\000n\000e\000r\000g\000y\000\137\000m\000a\000x}{subsection.7.11.4}% 552
\BOOKMARK [3][-]{subsubsection.7.11.4.7}{\376\377\0007\000.\0001\0001\000.\0004\000.\0007\000\040\000e\000n\000e\000r\000g\000y\000\137\000m\000i\000n}{subsection.7.11.4}% 553
\BOOKMARK [3][-]{subsubsection.7.11.4.8}{\376\377\0007\000.\0001\0001\000.\0004\000.\0008\000\040\000e\000n\000e\000r\000g\000y\000\137\000w\000e\000i\000g\000h\000t\000s}{subsection.7.11.4}% 554
\BOOKMARK [3][-]{subsubsection.7.11.4.9}{\376\377\0007\000.\0001\0001\000.\0004\000.\0009\000\040\000m\000o\000d\000e\000l\000s\000\137\000b\000y\000\137\000e\000n\000e\000r\000g\000y}{subsection.7.11.4}% 555
\BOOKMARK [3][-]{subsubsection.7.11.4.10}{\376\377\0007\000.\0001\0001\000.\0004\000.\0001\0000\000\040\000s\000c\000a\000l\000e\000\137\000f\000a\000c\000t\000o\000r}{subsection.7.11.4}% 556
\BOOKMARK [1][-]{section.7.12}{\376\377\0007\000.\0001\0002\000\040\000g\000u\000i\000.\000I\000n\000f\000e\000r\000e\000n\000c\000e\000W\000o\000r\000k\000e\000r\000\040\000C\000l\000a\000s\000s\000\040\000R\000e\000f\000e\000r\000e\000n\000c\000e}{chapter.7}% 557
\BOOKMARK [2][-]{subsection.7.12.1}{\376\377\0007\000.\0001\0002\000.\0001\000\040\000D\000e\000t\000a\000i\000l\000e\000d\000\040\000D\000e\000s\000c\000r\000i\000p\000t\000i\000o\000n}{section.7.12}% 558
\BOOKMARK [2][-]{subsection.7.12.2}{\376\377\0007\000.\0001\0002\000.\0002\000\040\000C\000o\000n\000s\000t\000r\000u\000c\000t\000o\000r\000\040\000\046\000\040\000D\000e\000s\000t\000r\000u\000c\000t\000o\000r\000\040\000D\000o\000c\000u\000m\000e\000n\000t\000a\000t\000i\000o\000n}{section.7.12}% 559
\BOOKMARK [3][-]{subsubsection.7.12.2.1}{\376\377\0007\000.\0001\0002\000.\0002\000.\0001\000\040\000\137\000\137\000i\000n\000i\000t\000\137\000\137\000\050\000\051}{subsection.7.12.2}% 560
\BOOKMARK [2][-]{subsection.7.12.3}{\376\377\0007\000.\0001\0002\000.\0003\000\040\000M\000e\000m\000b\000e\000r\000\040\000F\000u\000n\000c\000t\000i\000o\000n\000\040\000D\000o\000c\000u\000m\000e\000n\000t\000a\000t\000i\000o\000n}{section.7.12}% 561
\BOOKMARK [3][-]{subsubsection.7.12.3.1}{\376\377\0007\000.\0001\0002\000.\0003\000.\0001\000\040\000\137\000c\000h\000e\000c\000k\000\137\000c\000a\000n\000c\000e\000l\000e\000d\000\050\000\051}{subsection.7.12.3}% 562
\BOOKMARK [3][-]{subsubsection.7.12.3.2}{\376\377\0007\000.\0001\0002\000.\0003\000.\0002\000\040\000r\000u\000n\000\050\000\051}{subsection.7.12.3}% 563
\BOOKMARK [2][-]{subsection.7.12.4}{\376\377\0007\000.\0001\0002\000.\0004\000\040\000M\000e\000m\000b\000e\000r\000\040\000D\000a\000t\000a\000\040\000D\000o\000c\000u\000m\000e\000n\000t\000a\000t\000i\000o\000n}{section.7.12}% 564
\BOOKMARK [3][-]{subsubsection.7.12.4.1}{\376\377\0007\000.\0001\0002\000.\0004\000.\0001\000\040\000c\000t\000\137\000f\000i\000l\000e}{subsection.7.12.4}% 565
\BOOKMARK [3][-]{subsubsection.7.12.4.2}{\376\377\0007\000.\0001\0002\000.\0004\000.\0002\000\040\000e\000r\000r\000o\000r}{subsection.7.12.4}% 566
\BOOKMARK [3][-]{subsubsection.7.12.4.3}{\376\377\0007\000.\0001\0002\000.\0004\000.\0003\000\040\000f\000i\000n\000i\000s\000h\000e\000d}{subsection.7.12.4}% 567
\BOOKMARK [3][-]{subsubsection.7.12.4.4}{\376\377\0007\000.\0001\0002\000.\0004\000.\0004\000\040\000m\000a\000x\000\137\000e}{subsection.7.12.4}% 568
\BOOKMARK [3][-]{subsubsection.7.12.4.5}{\376\377\0007\000.\0001\0002\000.\0004\000.\0005\000\040\000m\000i\000n\000\137\000e}{subsection.7.12.4}% 569
\BOOKMARK [3][-]{subsubsection.7.12.4.6}{\376\377\0007\000.\0001\0002\000.\0004\000.\0006\000\040\000m\000o\000d\000e\000l\000\137\000c\000h\000e\000c\000k\000p\000o\000i\000n\000t}{subsection.7.12.4}% 570
\BOOKMARK [1][-]{section.7.13}{\376\377\0007\000.\0001\0003\000\040\000g\000u\000i\000.\000M\000a\000i\000n\000W\000i\000n\000d\000o\000w\000\040\000C\000l\000a\000s\000s\000\040\000R\000e\000f\000e\000r\000e\000n\000c\000e}{chapter.7}% 571
\BOOKMARK [2][-]{subsection.7.13.1}{\376\377\0007\000.\0001\0003\000.\0001\000\040\000D\000e\000t\000a\000i\000l\000e\000d\000\040\000D\000e\000s\000c\000r\000i\000p\000t\000i\000o\000n}{section.7.13}% 572
\BOOKMARK [2][-]{subsection.7.13.2}{\376\377\0007\000.\0001\0003\000.\0002\000\040\000C\000o\000n\000s\000t\000r\000u\000c\000t\000o\000r\000\040\000\046\000\040\000D\000e\000s\000t\000r\000u\000c\000t\000o\000r\000\040\000D\000o\000c\000u\000m\000e\000n\000t\000a\000t\000i\000o\000n}{section.7.13}% 573
\BOOKMARK [3][-]{subsubsection.7.13.2.1}{\376\377\0007\000.\0001\0003\000.\0002\000.\0001\000\040\000\137\000\137\000i\000n\000i\000t\000\137\000\137\000\050\000\051}{subsection.7.13.2}% 574
\BOOKMARK [2][-]{subsection.7.13.3}{\376\377\0007\000.\0001\0003\000.\0003\000\040\000M\000e\000m\000b\000e\000r\000\040\000F\000u\000n\000c\000t\000i\000o\000n\000\040\000D\000o\000c\000u\000m\000e\000n\000t\000a\000t\000i\000o\000n}{section.7.13}% 575
\BOOKMARK [3][-]{subsubsection.7.13.3.1}{\376\377\0007\000.\0001\0003\000.\0003\000.\0001\000\040\000\137\000c\000r\000e\000a\000t\000e\000\137\000c\000e\000n\000t\000r\000a\000l\000\137\000w\000i\000d\000g\000e\000t\000\050\000\051}{subsection.7.13.3}% 576
\BOOKMARK [3][-]{subsubsection.7.13.3.2}{\376\377\0007\000.\0001\0003\000.\0003\000.\0002\000\040\000\137\000c\000r\000e\000a\000t\000e\000\137\000t\000r\000a\000n\000s\000f\000o\000r\000m\000s\000\050\000\051}{subsection.7.13.3}% 577
\BOOKMARK [3][-]{subsubsection.7.13.3.3}{\376\377\0007\000.\0001\0003\000.\0003\000.\0003\000\040\000\137\000u\000p\000d\000a\000t\000e\000\137\000u\000i\000\137\000s\000t\000a\000t\000e\000\050\000\051}{subsection.7.13.3}% 578
\BOOKMARK [3][-]{subsubsection.7.13.3.4}{\376\377\0007\000.\0001\0003\000.\0003\000.\0004\000\040\000c\000a\000l\000c\000u\000l\000a\000t\000e\000\137\000d\000o\000s\000e\000\050\000\051}{subsection.7.13.3}% 579
\BOOKMARK [3][-]{subsubsection.7.13.3.5}{\376\377\0007\000.\0001\0003\000.\0003\000.\0005\000\040\000c\000e\000n\000t\000e\000r\000\050\000\051}{subsection.7.13.3}% 580
\BOOKMARK [3][-]{subsubsection.7.13.3.6}{\376\377\0007\000.\0001\0003\000.\0003\000.\0006\000\040\000o\000n\000\137\000i\000n\000f\000e\000r\000e\000n\000c\000e\000\137\000e\000r\000r\000o\000r\000\050\000\051}{subsection.7.13.3}% 581
\BOOKMARK [3][-]{subsubsection.7.13.3.7}{\376\377\0007\000.\0001\0003\000.\0003\000.\0007\000\040\000o\000n\000\137\000i\000n\000f\000e\000r\000e\000n\000c\000e\000\137\000f\000i\000n\000i\000s\000h\000e\000d\000\050\000\051}{subsection.7.13.3}% 582
\BOOKMARK [3][-]{subsubsection.7.13.3.8}{\376\377\0007\000.\0001\0003\000.\0003\000.\0008\000\040\000o\000n\000\137\000t\000r\000a\000i\000n\000i\000n\000g\000\137\000e\000r\000r\000o\000r\000\050\000\051}{subsection.7.13.3}% 583
\BOOKMARK [3][-]{subsubsection.7.13.3.9}{\376\377\0007\000.\0001\0003\000.\0003\000.\0009\000\040\000o\000n\000\137\000t\000r\000a\000i\000n\000i\000n\000g\000\137\000f\000i\000n\000i\000s\000h\000e\000d\000\050\000\051}{subsection.7.13.3}% 584
\BOOKMARK [3][-]{subsubsection.7.13.3.10}{\376\377\0007\000.\0001\0003\000.\0003\000.\0001\0000\000\040\000o\000p\000e\000n\000\137\000f\000i\000l\000e\000\137\000d\000i\000a\000l\000o\000g\000\050\000\051}{subsection.7.13.3}% 585
\BOOKMARK [3][-]{subsubsection.7.13.3.11}{\376\377\0007\000.\0001\0003\000.\0003\000.\0001\0001\000\040\000o\000p\000e\000n\000\137\000m\000o\000d\000e\000l\000\137\000d\000i\000a\000l\000o\000g\000\050\000\051}{subsection.7.13.3}% 586
\BOOKMARK [3][-]{subsubsection.7.13.3.12}{\376\377\0007\000.\0001\0003\000.\0003\000.\0001\0002\000\040\000s\000e\000l\000e\000c\000t\000\137\000i\000n\000p\000u\000t\000\137\000f\000o\000l\000d\000e\000r\000\050\000\051}{subsection.7.13.3}% 587
\BOOKMARK [3][-]{subsubsection.7.13.3.13}{\376\377\0007\000.\0001\0003\000.\0003\000.\0001\0003\000\040\000s\000h\000o\000w\000\137\000t\000r\000a\000i\000n\000i\000n\000g\000\137\000p\000l\000o\000t\000s\000\050\000\051}{subsection.7.13.3}% 588
\BOOKMARK [3][-]{subsubsection.7.13.3.14}{\376\377\0007\000.\0001\0003\000.\0003\000.\0001\0004\000\040\000t\000r\000a\000i\000n\000\137\000m\000o\000d\000e\000l\000\050\000\051}{subsection.7.13.3}% 589
\BOOKMARK [3][-]{subsubsection.7.13.3.15}{\376\377\0007\000.\0001\0003\000.\0003\000.\0001\0005\000\040\000v\000i\000s\000u\000a\000l\000i\000z\000e\000\137\000i\000n\000f\000e\000r\000e\000n\000c\000e\000\137\000r\000e\000s\000u\000l\000t\000s\000\050\000\051}{subsection.7.13.3}% 590
\BOOKMARK [2][-]{subsection.7.13.4}{\376\377\0007\000.\0001\0003\000.\0004\000\040\000M\000e\000m\000b\000e\000r\000\040\000D\000a\000t\000a\000\040\000D\000o\000c\000u\000m\000e\000n\000t\000a\000t\000i\000o\000n}{section.7.13}% 591
\BOOKMARK [3][-]{subsubsection.7.13.4.1}{\376\377\0007\000.\0001\0003\000.\0004\000.\0001\000\040\000\137\000i\000n\000f\000e\000r\000\137\000p\000r\000o\000g\000r\000e\000s\000s}{subsection.7.13.4}% 592
\BOOKMARK [3][-]{subsubsection.7.13.4.2}{\376\377\0007\000.\0001\0003\000.\0004\000.\0002\000\040\000\137\000i\000n\000f\000e\000r\000\137\000t\000h\000r\000e\000a\000d}{subsection.7.13.4}% 593
\BOOKMARK [3][-]{subsubsection.7.13.4.3}{\376\377\0007\000.\0001\0003\000.\0004\000.\0003\000\040\000\137\000i\000n\000f\000e\000r\000\137\000w\000o\000r\000k\000e\000r}{subsection.7.13.4}% 594
\BOOKMARK [3][-]{subsubsection.7.13.4.4}{\376\377\0007\000.\0001\0003\000.\0004\000.\0004\000\040\000\137\000p\000l\000o\000t\000s\000\137\000w\000i\000n\000d\000o\000w}{subsection.7.13.4}% 595
\BOOKMARK [3][-]{subsubsection.7.13.4.5}{\376\377\0007\000.\0001\0003\000.\0004\000.\0005\000\040\000\137\000t\000r\000a\000i\000n\000\137\000p\000r\000o\000g\000r\000e\000s\000s}{subsection.7.13.4}% 596
\BOOKMARK [3][-]{subsubsection.7.13.4.6}{\376\377\0007\000.\0001\0003\000.\0004\000.\0006\000\040\000\137\000t\000r\000a\000i\000n\000\137\000t\000h\000r\000e\000a\000d}{subsection.7.13.4}% 597
\BOOKMARK [3][-]{subsubsection.7.13.4.7}{\376\377\0007\000.\0001\0003\000.\0004\000.\0007\000\040\000\137\000t\000r\000a\000i\000n\000\137\000w\000o\000r\000k\000e\000r}{subsection.7.13.4}% 598
\BOOKMARK [3][-]{subsubsection.7.13.4.8}{\376\377\0007\000.\0001\0003\000.\0004\000.\0008\000\040\000b\000a\000t\000c\000h\000\137\000s\000p\000i\000n}{subsection.7.13.4}% 599
\BOOKMARK [3][-]{subsubsection.7.13.4.9}{\376\377\0007\000.\0001\0003\000.\0004\000.\0009\000\040\000c\000a\000l\000c\000u\000l\000a\000t\000e\000\137\000d\000o\000s\000e}{subsection.7.13.4}% 600
\BOOKMARK [3][-]{subsubsection.7.13.4.10}{\376\377\0007\000.\0001\0003\000.\0004\000.\0001\0000\000\040\000c\000t\000\137\000f\000i\000l\000e}{subsection.7.13.4}% 601
\BOOKMARK [3][-]{subsubsection.7.13.4.11}{\376\377\0007\000.\0001\0003\000.\0004\000.\0001\0001\000\040\000c\000t\000\137\000f\000i\000l\000e\000\137\000b\000o\000o\000l}{subsection.7.13.4}% 602
\BOOKMARK [3][-]{subsubsection.7.13.4.12}{\376\377\0007\000.\0001\0003\000.\0004\000.\0001\0002\000\040\000c\000t\000\137\000v\000o\000l\000u\000m\000e}{subsection.7.13.4}% 603
\BOOKMARK [3][-]{subsubsection.7.13.4.13}{\376\377\0007\000.\0001\0003\000.\0004\000.\0001\0003\000\040\000d\000o\000s\000e\000\137\000b\000u\000t\000t\000o\000n}{subsection.7.13.4}% 604
\BOOKMARK [3][-]{subsubsection.7.13.4.14}{\376\377\0007\000.\0001\0003\000.\0004\000.\0001\0004\000\040\000d\000o\000s\000e\000\137\000r\000e\000s\000u\000l\000t\000\137\000p\000a\000t\000h}{subsection.7.13.4}% 605
\BOOKMARK [3][-]{subsubsection.7.13.4.15}{\376\377\0007\000.\0001\0003\000.\0004\000.\0001\0005\000\040\000e\000n\000e\000r\000g\000y\000\137\000m\000a\000x\000\137\000s\000p\000i\000n}{subsection.7.13.4}% 606
\BOOKMARK [3][-]{subsubsection.7.13.4.16}{\376\377\0007\000.\0001\0003\000.\0004\000.\0001\0006\000\040\000e\000n\000e\000r\000g\000y\000\137\000m\000i\000n\000\137\000s\000p\000i\000n}{subsection.7.13.4}% 607
\BOOKMARK [3][-]{subsubsection.7.13.4.17}{\376\377\0007\000.\0001\0003\000.\0004\000.\0001\0007\000\040\000e\000p\000o\000c\000h\000s\000\137\000s\000p\000i\000n}{subsection.7.13.4}% 608
\BOOKMARK [3][-]{subsubsection.7.13.4.18}{\376\377\0007\000.\0001\0003\000.\0004\000.\0001\0008\000\040\000i\000n\000p\000u\000t\000\137\000b\000u\000t\000t\000o\000n}{subsection.7.13.4}% 609
\BOOKMARK [3][-]{subsubsection.7.13.4.19}{\376\377\0007\000.\0001\0003\000.\0004\000.\0001\0009\000\040\000i\000n\000p\000u\000t\000\137\000d\000i\000r}{subsection.7.13.4}% 610
\BOOKMARK [3][-]{subsubsection.7.13.4.20}{\376\377\0007\000.\0001\0003\000.\0004\000.\0002\0000\000\040\000i\000n\000p\000u\000t\000\137\000l\000a\000b\000e\000l}{subsection.7.13.4}% 611
\BOOKMARK [3][-]{subsubsection.7.13.4.21}{\376\377\0007\000.\0001\0003\000.\0004\000.\0002\0001\000\040\000K\000E\000Y\000\137\000I\000N\000P\000U\000T}{subsection.7.13.4}% 612
\BOOKMARK [3][-]{subsubsection.7.13.4.22}{\376\377\0007\000.\0001\0003\000.\0004\000.\0002\0002\000\040\000K\000E\000Y\000\137\000T\000A\000R\000G\000E\000T}{subsection.7.13.4}% 613
\BOOKMARK [3][-]{subsubsection.7.13.4.23}{\376\377\0007\000.\0001\0003\000.\0004\000.\0002\0003\000\040\000l\000e\000a\000r\000n\000i\000n\000g\000\137\000r\000a\000t\000e\000\137\000s\000p\000i\000n}{subsection.7.13.4}% 614
\BOOKMARK [3][-]{subsubsection.7.13.4.24}{\376\377\0007\000.\0001\0003\000.\0004\000.\0002\0004\000\040\000m\000o\000d\000e\000l\000\137\000c\000h\000e\000c\000k\000p\000o\000i\000n\000t}{subsection.7.13.4}% 615
\BOOKMARK [3][-]{subsubsection.7.13.4.25}{\376\377\0007\000.\0001\0003\000.\0004\000.\0002\0005\000\040\000m\000o\000d\000e\000l\000\137\000f\000i\000l\000e\000\137\000b\000o\000o\000l}{subsection.7.13.4}% 616
\BOOKMARK [3][-]{subsubsection.7.13.4.26}{\376\377\0007\000.\0001\0003\000.\0004\000.\0002\0006\000\040\000o\000n\000\137\000i\000n\000f\000e\000r\000e\000n\000c\000e\000\137\000e\000r\000r\000o\000r}{subsection.7.13.4}% 617
\BOOKMARK [3][-]{subsubsection.7.13.4.27}{\376\377\0007\000.\0001\0003\000.\0004\000.\0002\0007\000\040\000o\000n\000\137\000i\000n\000f\000e\000r\000e\000n\000c\000e\000\137\000f\000i\000n\000i\000s\000h\000e\000d}{subsection.7.13.4}% 618
\BOOKMARK [3][-]{subsubsection.7.13.4.28}{\376\377\0007\000.\0001\0003\000.\0004\000.\0002\0008\000\040\000o\000n\000\137\000t\000r\000a\000i\000n\000i\000n\000g\000\137\000e\000r\000r\000o\000r}{subsection.7.13.4}% 619
\BOOKMARK [3][-]{subsubsection.7.13.4.29}{\376\377\0007\000.\0001\0003\000.\0004\000.\0002\0009\000\040\000o\000n\000\137\000t\000r\000a\000i\000n\000i\000n\000g\000\137\000f\000i\000n\000i\000s\000h\000e\000d}{subsection.7.13.4}% 620
\BOOKMARK [3][-]{subsubsection.7.13.4.30}{\376\377\0007\000.\0001\0003\000.\0004\000.\0003\0000\000\040\000o\000p\000e\000n\000\137\000f\000i\000l\000e\000\137\000d\000i\000a\000l\000o\000g}{subsection.7.13.4}% 621
\BOOKMARK [3][-]{subsubsection.7.13.4.31}{\376\377\0007\000.\0001\0003\000.\0004\000.\0003\0001\000\040\000o\000p\000e\000n\000\137\000m\000o\000d\000e\000l\000\137\000d\000i\000a\000l\000o\000g}{subsection.7.13.4}% 622
\BOOKMARK [3][-]{subsubsection.7.13.4.32}{\376\377\0007\000.\0001\0003\000.\0004\000.\0003\0002\000\040\000o\000u\000t\000p\000u\000t\000\137\000d\000i\000r}{subsection.7.13.4}% 623
\BOOKMARK [3][-]{subsubsection.7.13.4.33}{\376\377\0007\000.\0001\0003\000.\0004\000.\0003\0003\000\040\000p\000a\000t\000i\000e\000n\000c\000e\000\137\000s\000p\000i\000n}{subsection.7.13.4}% 624
\BOOKMARK [3][-]{subsubsection.7.13.4.34}{\376\377\0007\000.\0001\0003\000.\0004\000.\0003\0004\000\040\000p\000m}{subsection.7.13.4}% 625
\BOOKMARK [3][-]{subsubsection.7.13.4.35}{\376\377\0007\000.\0001\0003\000.\0004\000.\0003\0005\000\040\000s\000e\000l\000e\000c\000t\000\137\000i\000n\000p\000u\000t\000\137\000f\000o\000l\000d\000e\000r}{subsection.7.13.4}% 626
\BOOKMARK [3][-]{subsubsection.7.13.4.36}{\376\377\0007\000.\0001\0003\000.\0004\000.\0003\0006\000\040\000s\000h\000o\000w\000\137\000p\000l\000o\000t\000s\000\137\000b\000u\000t\000t\000o\000n}{subsection.7.13.4}% 627
\BOOKMARK [3][-]{subsubsection.7.13.4.37}{\376\377\0007\000.\0001\0003\000.\0004\000.\0003\0007\000\040\000s\000h\000o\000w\000\137\000t\000r\000a\000i\000n\000i\000n\000g\000\137\000p\000l\000o\000t\000s}{subsection.7.13.4}% 628
\BOOKMARK [3][-]{subsubsection.7.13.4.38}{\376\377\0007\000.\0001\0003\000.\0004\000.\0003\0008\000\040\000s\000y\000s\000t\000e\000m\000\137\000m\000a\000n\000a\000g\000e\000r}{subsection.7.13.4}% 629
\BOOKMARK [3][-]{subsubsection.7.13.4.39}{\376\377\0007\000.\0001\0003\000.\0004\000.\0003\0009\000\040\000t\000r\000a\000i\000n\000\137\000b\000u\000t\000t\000o\000n}{subsection.7.13.4}% 630
\BOOKMARK [3][-]{subsubsection.7.13.4.40}{\376\377\0007\000.\0001\0003\000.\0004\000.\0004\0000\000\040\000t\000r\000a\000i\000n\000\137\000m\000o\000d\000e\000l}{subsection.7.13.4}% 631
\BOOKMARK [3][-]{subsubsection.7.13.4.41}{\376\377\0007\000.\0001\0003\000.\0004\000.\0004\0001\000\040\000v\000i\000s\000u\000a\000l\000i\000z\000e\000\137\000b\000u\000t\000t\000o\000n}{subsection.7.13.4}% 632
\BOOKMARK [3][-]{subsubsection.7.13.4.42}{\376\377\0007\000.\0001\0003\000.\0004\000.\0004\0002\000\040\000v\000i\000s\000u\000a\000l\000i\000z\000e\000\137\000i\000n\000f\000e\000r\000e\000n\000c\000e\000\137\000r\000e\000s\000u\000l\000t\000s}{subsection.7.13.4}% 633
\BOOKMARK [1][-]{section.7.14}{\376\377\0007\000.\0001\0004\000\040\000v\000i\000s\000u\000a\000l\000i\000z\000a\000t\000i\000o\000n\000.\000M\000p\000l\000C\000a\000n\000v\000a\000s\000\040\000C\000l\000a\000s\000s\000\040\000R\000e\000f\000e\000r\000e\000n\000c\000e}{chapter.7}% 634
\BOOKMARK [2][-]{subsection.7.14.1}{\376\377\0007\000.\0001\0004\000.\0001\000\040\000D\000e\000t\000a\000i\000l\000e\000d\000\040\000D\000e\000s\000c\000r\000i\000p\000t\000i\000o\000n}{section.7.14}% 635
\BOOKMARK [2][-]{subsection.7.14.2}{\376\377\0007\000.\0001\0004\000.\0002\000\040\000C\000o\000n\000s\000t\000r\000u\000c\000t\000o\000r\000\040\000\046\000\040\000D\000e\000s\000t\000r\000u\000c\000t\000o\000r\000\040\000D\000o\000c\000u\000m\000e\000n\000t\000a\000t\000i\000o\000n}{section.7.14}% 636
\BOOKMARK [3][-]{subsubsection.7.14.2.1}{\376\377\0007\000.\0001\0004\000.\0002\000.\0001\000\040\000\137\000\137\000i\000n\000i\000t\000\137\000\137\000\050\000\051}{subsection.7.14.2}% 637
\BOOKMARK [1][-]{section.7.15}{\376\377\0007\000.\0001\0005\000\040\000p\000a\000r\000a\000m\000e\000t\000e\000r\000\137\000m\000a\000n\000a\000g\000e\000r\000.\000P\000a\000r\000a\000m\000e\000t\000e\000r\000M\000a\000n\000a\000g\000e\000r\000\040\000C\000l\000a\000s\000s\000\040\000R\000e\000f\000e\000r\000e\000n\000c\000e}{chapter.7}% 638
\BOOKMARK [2][-]{subsection.7.15.1}{\376\377\0007\000.\0001\0005\000.\0001\000\040\000D\000e\000t\000a\000i\000l\000e\000d\000\040\000D\000e\000s\000c\000r\000i\000p\000t\000i\000o\000n}{section.7.15}% 639
\BOOKMARK [2][-]{subsection.7.15.2}{\376\377\0007\000.\0001\0005\000.\0002\000\040\000C\000o\000n\000s\000t\000r\000u\000c\000t\000o\000r\000\040\000\046\000\040\000D\000e\000s\000t\000r\000u\000c\000t\000o\000r\000\040\000D\000o\000c\000u\000m\000e\000n\000t\000a\000t\000i\000o\000n}{section.7.15}% 640
\BOOKMARK [3][-]{subsubsection.7.15.2.1}{\376\377\0007\000.\0001\0005\000.\0002\000.\0001\000\040\000\137\000\137\000i\000n\000i\000t\000\137\000\137\000\050\000\051}{subsection.7.15.2}% 641
\BOOKMARK [2][-]{subsection.7.15.3}{\376\377\0007\000.\0001\0005\000.\0003\000\040\000M\000e\000m\000b\000e\000r\000\040\000F\000u\000n\000c\000t\000i\000o\000n\000\040\000D\000o\000c\000u\000m\000e\000n\000t\000a\000t\000i\000o\000n}{section.7.15}% 642
\BOOKMARK [3][-]{subsubsection.7.15.3.1}{\376\377\0007\000.\0001\0005\000.\0003\000.\0001\000\040\000g\000e\000t\000\137\000p\000a\000r\000a\000m\000e\000t\000e\000r\000s\000\050\000\051}{subsection.7.15.3}% 643
\BOOKMARK [3][-]{subsubsection.7.15.3.2}{\376\377\0007\000.\0001\0005\000.\0003\000.\0002\000\040\000u\000p\000d\000a\000t\000e\000\137\000p\000a\000r\000a\000m\000e\000t\000e\000r\000\050\000\051}{subsection.7.15.3}% 644
\BOOKMARK [2][-]{subsection.7.15.4}{\376\377\0007\000.\0001\0005\000.\0004\000\040\000M\000e\000m\000b\000e\000r\000\040\000D\000a\000t\000a\000\040\000D\000o\000c\000u\000m\000e\000n\000t\000a\000t\000i\000o\000n}{section.7.15}% 645
\BOOKMARK [3][-]{subsubsection.7.15.4.1}{\376\377\0007\000.\0001\0005\000.\0004\000.\0001\000\040\000b\000a\000t\000c\000h\000\137\000s\000i\000z\000e}{subsection.7.15.4}% 646
\BOOKMARK [3][-]{subsubsection.7.15.4.2}{\376\377\0007\000.\0001\0005\000.\0004\000.\0002\000\040\000c\000u\000b\000e\000\137\000s\000i\000z\000e}{subsection.7.15.4}% 647
\BOOKMARK [3][-]{subsubsection.7.15.4.3}{\376\377\0007\000.\0001\0005\000.\0004\000.\0003\000\040\000e\000n\000e\000r\000g\000i\000e\000s}{subsection.7.15.4}% 648
\BOOKMARK [3][-]{subsubsection.7.15.4.4}{\376\377\0007\000.\0001\0005\000.\0004\000.\0004\000\040\000e\000n\000e\000r\000g\000y\000\137\000m\000a\000x}{subsection.7.15.4}% 649
\BOOKMARK [3][-]{subsubsection.7.15.4.5}{\376\377\0007\000.\0001\0005\000.\0004\000.\0005\000\040\000e\000n\000e\000r\000g\000y\000\137\000m\000i\000n}{subsection.7.15.4}% 650
\BOOKMARK [3][-]{subsubsection.7.15.4.6}{\376\377\0007\000.\0001\0005\000.\0004\000.\0006\000\040\000e\000n\000e\000r\000g\000y\000\137\000n\000o\000r\000m\000a\000l\000i\000z\000a\000t\000i\000o\000n}{subsection.7.15.4}% 651
\BOOKMARK [3][-]{subsubsection.7.15.4.7}{\376\377\0007\000.\0001\0005\000.\0004\000.\0007\000\040\000l\000e\000a\000r\000n\000i\000n\000g\000\137\000r\000a\000t\000e}{subsection.7.15.4}% 652
\BOOKMARK [3][-]{subsubsection.7.15.4.8}{\376\377\0007\000.\0001\0005\000.\0004\000.\0008\000\040\000n\000u\000m\000\137\000e\000p\000o\000c\000h\000s}{subsection.7.15.4}% 653
\BOOKMARK [3][-]{subsubsection.7.15.4.9}{\376\377\0007\000.\0001\0005\000.\0004\000.\0009\000\040\000o\000t\000h\000e\000r\000\137\000p\000a\000r\000a\000m\000e\000t\000e\000r\000s}{subsection.7.15.4}% 654
\BOOKMARK [3][-]{subsubsection.7.15.4.10}{\376\377\0007\000.\0001\0005\000.\0004\000.\0001\0000\000\040\000p\000a\000t\000i\000e\000n\000c\000e}{subsection.7.15.4}% 655
\BOOKMARK [3][-]{subsubsection.7.15.4.11}{\376\377\0007\000.\0001\0005\000.\0004\000.\0001\0001\000\040\000q\000u\000a\000d\000\137\000e\000n\000e\000r\000g\000i\000e\000s}{subsection.7.15.4}% 656
\BOOKMARK [3][-]{subsubsection.7.15.4.12}{\376\377\0007\000.\0001\0005\000.\0004\000.\0001\0002\000\040\000q\000u\000a\000d\000\137\000w\000e\000i\000g\000h\000t\000s}{subsection.7.15.4}% 657
\BOOKMARK [3][-]{subsubsection.7.15.4.13}{\376\377\0007\000.\0001\0005\000.\0004\000.\0001\0003\000\040\000r\000e\000s\000o\000l\000u\000t\000i\000o\000n\000s}{subsection.7.15.4}% 658
\BOOKMARK [1][-]{section.7.16}{\376\377\0007\000.\0001\0006\000\040\000s\000t\000o\000r\000a\000g\000e\000.\000S\000t\000o\000r\000a\000g\000e\000\040\000C\000l\000a\000s\000s\000\040\000R\000e\000f\000e\000r\000e\000n\000c\000e}{chapter.7}% 659
\BOOKMARK [2][-]{subsection.7.16.1}{\376\377\0007\000.\0001\0006\000.\0001\000\040\000D\000e\000t\000a\000i\000l\000e\000d\000\040\000D\000e\000s\000c\000r\000i\000p\000t\000i\000o\000n}{section.7.16}% 660
\BOOKMARK [2][-]{subsection.7.16.2}{\376\377\0007\000.\0001\0006\000.\0002\000\040\000C\000o\000n\000s\000t\000r\000u\000c\000t\000o\000r\000\040\000\046\000\040\000D\000e\000s\000t\000r\000u\000c\000t\000o\000r\000\040\000D\000o\000c\000u\000m\000e\000n\000t\000a\000t\000i\000o\000n}{section.7.16}% 661
\BOOKMARK [3][-]{subsubsection.7.16.2.1}{\376\377\0007\000.\0001\0006\000.\0002\000.\0001\000\040\000\137\000\137\000i\000n\000i\000t\000\137\000\137\000\050\000\051}{subsection.7.16.2}% 662
\BOOKMARK [2][-]{subsection.7.16.3}{\376\377\0007\000.\0001\0006\000.\0003\000\040\000M\000e\000m\000b\000e\000r\000\040\000F\000u\000n\000c\000t\000i\000o\000n\000\040\000D\000o\000c\000u\000m\000e\000n\000t\000a\000t\000i\000o\000n}{section.7.16}% 663
\BOOKMARK [3][-]{subsubsection.7.16.3.1}{\376\377\0007\000.\0001\0006\000.\0003\000.\0001\000\040\000e\000x\000p\000o\000r\000t\000\137\000r\000e\000s\000u\000l\000t\000s\000\050\000\051}{subsection.7.16.3}% 664
\BOOKMARK [3][-]{subsubsection.7.16.3.2}{\376\377\0007\000.\0001\0006\000.\0003\000.\0002\000\040\000l\000o\000a\000d\000\137\000m\000o\000d\000e\000l\000\050\000\051}{subsection.7.16.3}% 665
\BOOKMARK [3][-]{subsubsection.7.16.3.3}{\376\377\0007\000.\0001\0006\000.\0003\000.\0003\000\040\000l\000o\000g\000\137\000e\000r\000r\000o\000r\000\050\000\051}{subsection.7.16.3}% 666
\BOOKMARK [3][-]{subsubsection.7.16.3.4}{\376\377\0007\000.\0001\0006\000.\0003\000.\0004\000\040\000s\000a\000v\000e\000\137\000d\000o\000s\000e\000\137\000d\000i\000s\000t\000r\000i\000b\000u\000t\000i\000o\000n\000\050\000\051}{subsection.7.16.3}% 667
\BOOKMARK [3][-]{subsubsection.7.16.3.5}{\376\377\0007\000.\0001\0006\000.\0003\000.\0005\000\040\000s\000a\000v\000e\000\137\000m\000o\000d\000e\000l\000\050\000\051}{subsection.7.16.3}% 668
\BOOKMARK [2][-]{subsection.7.16.4}{\376\377\0007\000.\0001\0006\000.\0004\000\040\000M\000e\000m\000b\000e\000r\000\040\000D\000a\000t\000a\000\040\000D\000o\000c\000u\000m\000e\000n\000t\000a\000t\000i\000o\000n}{section.7.16}% 669
\BOOKMARK [3][-]{subsubsection.7.16.4.1}{\376\377\0007\000.\0001\0006\000.\0004\000.\0001\000\040\000l\000o\000g\000\137\000f\000i\000l\000e}{subsection.7.16.4}% 670
\BOOKMARK [3][-]{subsubsection.7.16.4.2}{\376\377\0007\000.\0001\0006\000.\0004\000.\0002\000\040\000m\000o\000d\000e\000l\000\137\000d\000i\000r}{subsection.7.16.4}% 671
\BOOKMARK [1][-]{section.7.17}{\376\377\0007\000.\0001\0007\000\040\000s\000y\000s\000t\000e\000m\000\137\000m\000a\000n\000a\000g\000e\000r\000.\000S\000y\000s\000t\000e\000m\000M\000a\000n\000a\000g\000e\000r\000\040\000C\000l\000a\000s\000s\000\040\000R\000e\000f\000e\000r\000e\000n\000c\000e}{chapter.7}% 672
\BOOKMARK [2][-]{subsection.7.17.1}{\376\377\0007\000.\0001\0007\000.\0001\000\040\000D\000e\000t\000a\000i\000l\000e\000d\000\040\000D\000e\000s\000c\000r\000i\000p\000t\000i\000o\000n}{section.7.17}% 673
\BOOKMARK [2][-]{subsection.7.17.2}{\376\377\0007\000.\0001\0007\000.\0002\000\040\000C\000o\000n\000s\000t\000r\000u\000c\000t\000o\000r\000\040\000\046\000\040\000D\000e\000s\000t\000r\000u\000c\000t\000o\000r\000\040\000D\000o\000c\000u\000m\000e\000n\000t\000a\000t\000i\000o\000n}{section.7.17}% 674
\BOOKMARK [3][-]{subsubsection.7.17.2.1}{\376\377\0007\000.\0001\0007\000.\0002\000.\0001\000\040\000\137\000\137\000i\000n\000i\000t\000\137\000\137\000\050\000\051}{subsection.7.17.2}% 675
\BOOKMARK [2][-]{subsection.7.17.3}{\376\377\0007\000.\0001\0007\000.\0003\000\040\000M\000e\000m\000b\000e\000r\000\040\000F\000u\000n\000c\000t\000i\000o\000n\000\040\000D\000o\000c\000u\000m\000e\000n\000t\000a\000t\000i\000o\000n}{section.7.17}% 676
\BOOKMARK [3][-]{subsubsection.7.17.3.1}{\376\377\0007\000.\0001\0007\000.\0003\000.\0001\000\040\000r\000u\000n\000\137\000e\000n\000e\000r\000g\000y\000\137\000c\000o\000n\000d\000i\000t\000i\000o\000n\000e\000d\000\137\000t\000r\000a\000i\000n\000i\000n\000g\000\050\000\051}{subsection.7.17.3}% 677
\BOOKMARK [3][-]{subsubsection.7.17.3.2}{\376\377\0007\000.\0001\0007\000.\0003\000.\0002\000\040\000r\000u\000n\000\137\000i\000n\000f\000e\000r\000e\000n\000c\000e\000\050\000\051}{subsection.7.17.3}% 678
\BOOKMARK [3][-]{subsubsection.7.17.3.3}{\376\377\0007\000.\0001\0007\000.\0003\000.\0003\000\040\000r\000u\000n\000\137\000t\000r\000a\000i\000n\000i\000n\000g\000\050\000\051}{subsection.7.17.3}% 679
\BOOKMARK [3][-]{subsubsection.7.17.3.4}{\376\377\0007\000.\0001\0007\000.\0003\000.\0004\000\040\000s\000a\000v\000e\000\137\000c\000o\000m\000b\000i\000n\000e\000d\000\137\000c\000h\000e\000c\000k\000p\000o\000i\000n\000t\000\050\000\051}{subsection.7.17.3}% 680
\BOOKMARK [3][-]{subsubsection.7.17.3.5}{\376\377\0007\000.\0001\0007\000.\0003\000.\0005\000\040\000s\000a\000v\000e\000\137\000m\000o\000d\000e\000l\000s\000\050\000\051}{subsection.7.17.3}% 681
\BOOKMARK [2][-]{subsection.7.17.4}{\376\377\0007\000.\0001\0007\000.\0004\000\040\000M\000e\000m\000b\000e\000r\000\040\000D\000a\000t\000a\000\040\000D\000o\000c\000u\000m\000e\000n\000t\000a\000t\000i\000o\000n}{section.7.17}% 682
\BOOKMARK [3][-]{subsubsection.7.17.4.1}{\376\377\0007\000.\0001\0007\000.\0004\000.\0001\000\040\000a\000u\000t\000o\000e\000n\000c\000o\000d\000e\000r}{subsection.7.17.4}% 683
\BOOKMARK [3][-]{subsubsection.7.17.4.2}{\376\377\0007\000.\0001\0007\000.\0004\000.\0002\000\040\000b\000a\000t\000c\000h\000\137\000s\000i\000z\000e}{subsection.7.17.4}% 684
\BOOKMARK [3][-]{subsubsection.7.17.4.3}{\376\377\0007\000.\0001\0007\000.\0004\000.\0003\000\040\000c\000l\000i\000p\000\137\000m\000a\000x}{subsection.7.17.4}% 685
\BOOKMARK [3][-]{subsubsection.7.17.4.4}{\376\377\0007\000.\0001\0007\000.\0004\000.\0004\000\040\000c\000l\000i\000p\000\137\000m\000i\000n}{subsection.7.17.4}% 686
\BOOKMARK [3][-]{subsubsection.7.17.4.5}{\376\377\0007\000.\0001\0007\000.\0004\000.\0005\000\040\000c\000u\000b\000e\000\137\000s\000i\000z\000e}{subsection.7.17.4}% 687
\BOOKMARK [3][-]{subsubsection.7.17.4.6}{\376\377\0007\000.\0001\0007\000.\0004\000.\0006\000\040\000d\000e\000v\000i\000c\000e}{subsection.7.17.4}% 688
\BOOKMARK [3][-]{subsubsection.7.17.4.7}{\376\377\0007\000.\0001\0007\000.\0004\000.\0007\000\040\000d\000o\000s\000e\000\137\000m\000e\000a\000n}{subsection.7.17.4}% 689
\BOOKMARK [3][-]{subsubsection.7.17.4.8}{\376\377\0007\000.\0001\0007\000.\0004\000.\0008\000\040\000d\000o\000s\000e\000\137\000r\000e\000s\000u\000l\000t\000\137\000p\000a\000t\000h}{subsection.7.17.4}% 690
\BOOKMARK [3][-]{subsubsection.7.17.4.9}{\376\377\0007\000.\0001\0007\000.\0004\000.\0009\000\040\000d\000o\000s\000e\000\137\000s\000t\000d}{subsection.7.17.4}% 691
\BOOKMARK [3][-]{subsubsection.7.17.4.10}{\376\377\0007\000.\0001\0007\000.\0004\000.\0001\0000\000\040\000e\000n\000e\000r\000g\000i\000e\000s}{subsection.7.17.4}% 692
\BOOKMARK [3][-]{subsubsection.7.17.4.11}{\376\377\0007\000.\0001\0007\000.\0004\000.\0001\0001\000\040\000e\000n\000e\000r\000g\000y\000\137\000m\000a\000x}{subsection.7.17.4}% 693
\BOOKMARK [3][-]{subsubsection.7.17.4.12}{\376\377\0007\000.\0001\0007\000.\0004\000.\0001\0002\000\040\000e\000n\000e\000r\000g\000y\000\137\000m\000i\000n}{subsection.7.17.4}% 694
\BOOKMARK [3][-]{subsubsection.7.17.4.13}{\376\377\0007\000.\0001\0007\000.\0004\000.\0001\0003\000\040\000l\000e\000a\000r\000n\000i\000n\000g\000\137\000r\000a\000t\000e}{subsection.7.17.4}% 695
\BOOKMARK [3][-]{subsubsection.7.17.4.14}{\376\377\0007\000.\0001\0007\000.\0004\000.\0001\0004\000\040\000m\000o\000d\000e\000l\000s\000\137\000b\000y\000\137\000e\000n\000e\000r\000g\000y}{subsection.7.17.4}% 696
\BOOKMARK [3][-]{subsubsection.7.17.4.15}{\376\377\0007\000.\0001\0007\000.\0004\000.\0001\0005\000\040\000n\000u\000m\000\137\000e\000p\000o\000c\000h\000s}{subsection.7.17.4}% 697
\BOOKMARK [3][-]{subsubsection.7.17.4.16}{\376\377\0007\000.\0001\0007\000.\0004\000.\0001\0006\000\040\000p\000a\000t\000i\000e\000n\000c\000e}{subsection.7.17.4}% 698
\BOOKMARK [3][-]{subsubsection.7.17.4.17}{\376\377\0007\000.\0001\0007\000.\0004\000.\0001\0007\000\040\000q\000u\000a\000d\000\137\000e\000n\000e\000r\000g\000i\000e\000s}{subsection.7.17.4}% 699
\BOOKMARK [3][-]{subsubsection.7.17.4.18}{\376\377\0007\000.\0001\0007\000.\0004\000.\0001\0008\000\040\000q\000u\000a\000d\000\137\000w\000e\000i\000g\000h\000t\000s}{subsection.7.17.4}% 700
\BOOKMARK [3][-]{subsubsection.7.17.4.19}{\376\377\0007\000.\0001\0007\000.\0004\000.\0001\0009\000\040\000r\000e\000s\000o\000l\000u\000t\000i\000o\000n\000s}{subsection.7.17.4}% 701
\BOOKMARK [3][-]{subsubsection.7.17.4.20}{\376\377\0007\000.\0001\0007\000.\0004\000.\0002\0000\000\040\000r\000o\000o\000t\000\137\000d\000i\000r}{subsection.7.17.4}% 702
\BOOKMARK [3][-]{subsubsection.7.17.4.21}{\376\377\0007\000.\0001\0007\000.\0004\000.\0002\0001\000\040\000s\000a\000v\000e\000d\000\137\000c\000k\000p\000t\000s}{subsection.7.17.4}% 703
\BOOKMARK [3][-]{subsubsection.7.17.4.22}{\376\377\0007\000.\0001\0007\000.\0004\000.\0002\0002\000\040\000s\000c\000a\000l\000e\000\137\000f\000a\000c\000t\000o\000r}{subsection.7.17.4}% 704
\BOOKMARK [3][-]{subsubsection.7.17.4.23}{\376\377\0007\000.\0001\0007\000.\0004\000.\0002\0003\000\040\000s\000c\000h\000e\000d\000u\000l\000e\000r}{subsection.7.17.4}% 705
\BOOKMARK [3][-]{subsubsection.7.17.4.24}{\376\377\0007\000.\0001\0007\000.\0004\000.\0002\0004\000\040\000s\000e\000e\000d}{subsection.7.17.4}% 706
\BOOKMARK [3][-]{subsubsection.7.17.4.25}{\376\377\0007\000.\0001\0007\000.\0004\000.\0002\0005\000\040\000s\000m\000o\000o\000t\000h\000i\000n\000g\000\137\000k\000e\000r\000n\000e\000l}{subsection.7.17.4}% 707
\BOOKMARK [3][-]{subsubsection.7.17.4.26}{\376\377\0007\000.\0001\0007\000.\0004\000.\0002\0006\000\040\000s\000t\000o\000p\000\137\000t\000r\000a\000i\000n\000i\000n\000g}{subsection.7.17.4}% 708
\BOOKMARK [3][-]{subsubsection.7.17.4.27}{\376\377\0007\000.\0001\0007\000.\0004\000.\0002\0007\000\040\000t\000r\000a\000i\000n\000i\000n\000g\000\137\000c\000o\000m\000p\000l\000e\000t\000e}{subsection.7.17.4}% 709
\BOOKMARK [3][-]{subsubsection.7.17.4.28}{\376\377\0007\000.\0001\0007\000.\0004\000.\0002\0008\000\040\000t\000r\000a\000n\000s\000f\000o\000r\000m\000s}{subsection.7.17.4}% 710
\BOOKMARK [3][-]{subsubsection.7.17.4.29}{\376\377\0007\000.\0001\0007\000.\0004\000.\0002\0009\000\040\000u\000n\000e\000t}{subsection.7.17.4}% 711
\BOOKMARK [1][-]{section.7.18}{\376\377\0007\000.\0001\0008\000\040\000g\000u\000i\000.\000T\000r\000a\000i\000n\000i\000n\000g\000W\000o\000r\000k\000e\000r\000\040\000C\000l\000a\000s\000s\000\040\000R\000e\000f\000e\000r\000e\000n\000c\000e}{chapter.7}% 712
\BOOKMARK [2][-]{subsection.7.18.1}{\376\377\0007\000.\0001\0008\000.\0001\000\040\000D\000e\000t\000a\000i\000l\000e\000d\000\040\000D\000e\000s\000c\000r\000i\000p\000t\000i\000o\000n}{section.7.18}% 713
\BOOKMARK [2][-]{subsection.7.18.2}{\376\377\0007\000.\0001\0008\000.\0002\000\040\000C\000o\000n\000s\000t\000r\000u\000c\000t\000o\000r\000\040\000\046\000\040\000D\000e\000s\000t\000r\000u\000c\000t\000o\000r\000\040\000D\000o\000c\000u\000m\000e\000n\000t\000a\000t\000i\000o\000n}{section.7.18}% 714
\BOOKMARK [3][-]{subsubsection.7.18.2.1}{\376\377\0007\000.\0001\0008\000.\0002\000.\0001\000\040\000\137\000\137\000i\000n\000i\000t\000\137\000\137\000\050\000\051}{subsection.7.18.2}% 715
\BOOKMARK [2][-]{subsection.7.18.3}{\376\377\0007\000.\0001\0008\000.\0003\000\040\000M\000e\000m\000b\000e\000r\000\040\000F\000u\000n\000c\000t\000i\000o\000n\000\040\000D\000o\000c\000u\000m\000e\000n\000t\000a\000t\000i\000o\000n}{section.7.18}% 716
\BOOKMARK [3][-]{subsubsection.7.18.3.1}{\376\377\0007\000.\0001\0008\000.\0003\000.\0001\000\040\000r\000u\000n\000\050\000\051}{subsection.7.18.3}% 717
\BOOKMARK [2][-]{subsection.7.18.4}{\376\377\0007\000.\0001\0008\000.\0004\000\040\000M\000e\000m\000b\000e\000r\000\040\000D\000a\000t\000a\000\040\000D\000o\000c\000u\000m\000e\000n\000t\000a\000t\000i\000o\000n}{section.7.18}% 718
\BOOKMARK [3][-]{subsubsection.7.18.4.1}{\376\377\0007\000.\0001\0008\000.\0004\000.\0001\000\040\000e\000r\000r\000o\000r}{subsection.7.18.4}% 719
\BOOKMARK [3][-]{subsubsection.7.18.4.2}{\376\377\0007\000.\0001\0008\000.\0004\000.\0002\000\040\000f\000i\000n\000i\000s\000h\000e\000d}{subsection.7.18.4}% 720
\BOOKMARK [3][-]{subsubsection.7.18.4.3}{\376\377\0007\000.\0001\0008\000.\0004\000.\0003\000\040\000m\000a\000n\000a\000g\000e\000r}{subsection.7.18.4}% 721
\BOOKMARK [3][-]{subsubsection.7.18.4.4}{\376\377\0007\000.\0001\0008\000.\0004\000.\0004\000\040\000p\000r\000o\000g\000r\000e\000s\000s}{subsection.7.18.4}% 722
\BOOKMARK [1][-]{section.7.19}{\376\377\0007\000.\0001\0009\000\040\000v\000i\000s\000u\000a\000l\000i\000z\000a\000t\000i\000o\000n\000.\000V\000i\000s\000u\000a\000l\000i\000z\000a\000t\000i\000o\000n\000\040\000C\000l\000a\000s\000s\000\040\000R\000e\000f\000e\000r\000e\000n\000c\000e}{chapter.7}% 723
\BOOKMARK [2][-]{subsection.7.19.1}{\376\377\0007\000.\0001\0009\000.\0001\000\040\000D\000e\000t\000a\000i\000l\000e\000d\000\040\000D\000e\000s\000c\000r\000i\000p\000t\000i\000o\000n}{section.7.19}% 724
\BOOKMARK [2][-]{subsection.7.19.2}{\376\377\0007\000.\0001\0009\000.\0002\000\040\000C\000o\000n\000s\000t\000r\000u\000c\000t\000o\000r\000\040\000\046\000\040\000D\000e\000s\000t\000r\000u\000c\000t\000o\000r\000\040\000D\000o\000c\000u\000m\000e\000n\000t\000a\000t\000i\000o\000n}{section.7.19}% 725
\BOOKMARK [3][-]{subsubsection.7.19.2.1}{\376\377\0007\000.\0001\0009\000.\0002\000.\0001\000\040\000\137\000\137\000i\000n\000i\000t\000\137\000\137\000\050\000\051}{subsection.7.19.2}% 726
\BOOKMARK [2][-]{subsection.7.19.3}{\376\377\0007\000.\0001\0009\000.\0003\000\040\000M\000e\000m\000b\000e\000r\000\040\000F\000u\000n\000c\000t\000i\000o\000n\000\040\000D\000o\000c\000u\000m\000e\000n\000t\000a\000t\000i\000o\000n}{section.7.19}% 727
\BOOKMARK [3][-]{subsubsection.7.19.3.1}{\376\377\0007\000.\0001\0009\000.\0003\000.\0001\000\040\000d\000i\000s\000p\000l\000a\000y\000\137\000s\000a\000m\000p\000l\000e\000\137\000i\000m\000a\000g\000e\000s\000\050\000\051}{subsection.7.19.3}% 728
\BOOKMARK [3][-]{subsubsection.7.19.3.2}{\376\377\0007\000.\0001\0009\000.\0003\000.\0002\000\040\000p\000l\000o\000t\000\137\000a\000d\000v\000e\000r\000s\000a\000r\000i\000a\000l\000\137\000c\000u\000r\000v\000e\000s\000\050\000\051}{subsection.7.19.3}% 729
\BOOKMARK [3][-]{subsubsection.7.19.3.3}{\376\377\0007\000.\0001\0009\000.\0003\000.\0003\000\040\000p\000l\000o\000t\000\137\000l\000e\000a\000r\000n\000i\000n\000g\000\137\000c\000u\000r\000v\000e\000\050\000\051}{subsection.7.19.3}% 730
\BOOKMARK [3][-]{subsubsection.7.19.3.4}{\376\377\0007\000.\0001\0009\000.\0003\000.\0004\000\040\000p\000l\000o\000t\000\137\000l\000o\000s\000s\000\137\000c\000u\000r\000v\000e\000s\000\050\000\051}{subsection.7.19.3}% 731
\BOOKMARK [0][-]{chapter.8}{\376\377\0008\000\040\000F\000i\000l\000e\000\040\000D\000o\000c\000u\000m\000e\000n\000t\000a\000t\000i\000o\000n}{}% 732
\BOOKMARK [1][-]{section.8.1}{\376\377\0008\000.\0001\000\040\000R\000E\000A\000D\000M\000E\000.\000m\000d\000\040\000F\000i\000l\000e\000\040\000R\000e\000f\000e\000r\000e\000n\000c\000e}{chapter.8}% 733
\BOOKMARK [1][-]{section.8.2}{\376\377\0008\000.\0002\000\040\000s\000o\000u\000r\000c\000e\000c\000o\000d\000e\000/\000c\000o\000r\000r\000e\000c\000t\000e\000d\000\137\000i\000n\000f\000e\000r\000e\000n\000c\000e\000.\000p\000y\000\040\000F\000i\000l\000e\000\040\000R\000e\000f\000e\000r\000e\000n\000c\000e}{chapter.8}% 734
\BOOKMARK [1][-]{section.8.3}{\376\377\0008\000.\0003\000\040\000c\000o\000r\000r\000e\000c\000t\000e\000d\000\137\000i\000n\000f\000e\000r\000e\000n\000c\000e\000.\000p\000y}{chapter.8}% 735
\BOOKMARK [1][-]{section.8.4}{\376\377\0008\000.\0004\000\040\000s\000o\000u\000r\000c\000e\000c\000o\000d\000e\000/\000c\000o\000r\000r\000e\000c\000t\000e\000d\000\137\000t\000r\000a\000i\000n\000i\000n\000g\000\137\000p\000i\000p\000e\000l\000i\000n\000e\000.\000p\000y\000\040\000F\000i\000l\000e\000\040\000R\000e\000f\000e\000r\000e\000n\000c\000e}{chapter.8}% 736
\BOOKMARK [1][-]{section.8.5}{\376\377\0008\000.\0005\000\040\000c\000o\000r\000r\000e\000c\000t\000e\000d\000\137\000t\000r\000a\000i\000n\000i\000n\000g\000\137\000p\000i\000p\000e\000l\000i\000n\000e\000.\000p\000y}{chapter.8}% 737
\BOOKMARK [1][-]{section.8.6}{\376\377\0008\000.\0006\000\040\000s\000o\000u\000r\000c\000e\000c\000o\000d\000e\000/\000d\000a\000t\000a\000\137\000m\000a\000n\000a\000g\000e\000m\000e\000n\000t\000.\000p\000y\000\040\000F\000i\000l\000e\000\040\000R\000e\000f\000e\000r\000e\000n\000c\000e}{chapter.8}% 738
\BOOKMARK [1][-]{section.8.7}{\376\377\0008\000.\0007\000\040\000d\000a\000t\000a\000\137\000m\000a\000n\000a\000g\000e\000m\000e\000n\000t\000.\000p\000y}{chapter.8}% 739
\BOOKMARK [1][-]{section.8.8}{\376\377\0008\000.\0008\000\040\000s\000o\000u\000r\000c\000e\000c\000o\000d\000e\000/\000g\000a\000u\000s\000s\000i\000a\000n\000\137\000q\000u\000a\000d\000r\000a\000t\000u\000r\000e\000\137\000i\000n\000f\000e\000r\000e\000n\000c\000e\000.\000p\000y\000\040\000F\000i\000l\000e\000\040\000R\000e\000f\000e\000r\000e\000n\000c\000e}{chapter.8}% 740
\BOOKMARK [1][-]{section.8.9}{\376\377\0008\000.\0009\000\040\000g\000a\000u\000s\000s\000i\000a\000n\000\137\000q\000u\000a\000d\000r\000a\000t\000u\000r\000e\000\137\000i\000n\000f\000e\000r\000e\000n\000c\000e\000.\000p\000y}{chapter.8}% 741
\BOOKMARK [1][-]{section.8.10}{\376\377\0008\000.\0001\0000\000\040\000s\000o\000u\000r\000c\000e\000c\000o\000d\000e\000/\000g\000u\000i\000.\000p\000y\000\040\000F\000i\000l\000e\000\040\000R\000e\000f\000e\000r\000e\000n\000c\000e}{chapter.8}% 742
\BOOKMARK [1][-]{section.8.11}{\376\377\0008\000.\0001\0001\000\040\000g\000u\000i\000.\000p\000y}{chapter.8}% 743
\BOOKMARK [1][-]{section.8.12}{\376\377\0008\000.\0001\0002\000\040\000s\000o\000u\000r\000c\000e\000c\000o\000d\000e\000/\000h\000o\000t\000s\000p\000o\000t\000\137\000p\000a\000t\000c\000h\000\137\000s\000a\000m\000p\000l\000e\000r\000.\000p\000y\000\040\000F\000i\000l\000e\000\040\000R\000e\000f\000e\000r\000e\000n\000c\000e}{chapter.8}% 744
\BOOKMARK [1][-]{section.8.13}{\376\377\0008\000.\0001\0003\000\040\000h\000o\000t\000s\000p\000o\000t\000\137\000p\000a\000t\000c\000h\000\137\000s\000a\000m\000p\000l\000e\000r\000.\000p\000y}{chapter.8}% 745
\BOOKMARK [1][-]{section.8.14}{\376\377\0008\000.\0001\0004\000\040\000s\000o\000u\000r\000c\000e\000c\000o\000d\000e\000/\000i\000n\000f\000e\000r\000e\000n\000c\000e\000\137\000m\000o\000d\000u\000l\000e\000.\000p\000y\000\040\000F\000i\000l\000e\000\040\000R\000e\000f\000e\000r\000e\000n\000c\000e}{chapter.8}% 746
\BOOKMARK [1][-]{section.8.15}{\376\377\0008\000.\0001\0005\000\040\000i\000n\000f\000e\000r\000e\000n\000c\000e\000\137\000m\000o\000d\000u\000l\000e\000.\000p\000y}{chapter.8}% 747
\BOOKMARK [1][-]{section.8.16}{\376\377\0008\000.\0001\0006\000\040\000s\000o\000u\000r\000c\000e\000c\000o\000d\000e\000/\000i\000n\000f\000e\000r\000e\000n\000c\000e\000\137\000m\000o\000d\000u\000l\000e\000\137\000s\000t\000a\000n\000d\000a\000l\000o\000n\000e\000.\000p\000y\000\040\000F\000i\000l\000e\000\040\000R\000e\000f\000e\000r\000e\000n\000c\000e}{chapter.8}% 748
\BOOKMARK [1][-]{section.8.17}{\376\377\0008\000.\0001\0007\000\040\000i\000n\000f\000e\000r\000e\000n\000c\000e\000\137\000m\000o\000d\000u\000l\000e\000\137\000s\000t\000a\000n\000d\000a\000l\000o\000n\000e\000.\000p\000y}{chapter.8}% 749
\BOOKMARK [1][-]{section.8.18}{\376\377\0008\000.\0001\0008\000\040\000s\000o\000u\000r\000c\000e\000c\000o\000d\000e\000/\000l\000o\000g\000\137\000c\000o\000n\000f\000i\000g\000.\000p\000y\000\040\000F\000i\000l\000e\000\040\000R\000e\000f\000e\000r\000e\000n\000c\000e}{chapter.8}% 750
\BOOKMARK [1][-]{section.8.19}{\376\377\0008\000.\0001\0009\000\040\000l\000o\000g\000\137\000c\000o\000n\000f\000i\000g\000.\000p\000y}{chapter.8}% 751
\BOOKMARK [1][-]{section.8.20}{\376\377\0008\000.\0002\0000\000\040\000s\000o\000u\000r\000c\000e\000c\000o\000d\000e\000/\000p\000a\000r\000a\000m\000e\000t\000e\000r\000\137\000m\000a\000n\000a\000g\000e\000r\000.\000p\000y\000\040\000F\000i\000l\000e\000\040\000R\000e\000f\000e\000r\000e\000n\000c\000e}{chapter.8}% 752
\BOOKMARK [1][-]{section.8.21}{\376\377\0008\000.\0002\0001\000\040\000p\000a\000r\000a\000m\000e\000t\000e\000r\000\137\000m\000a\000n\000a\000g\000e\000r\000.\000p\000y}{chapter.8}% 753
\BOOKMARK [1][-]{section.8.22}{\376\377\0008\000.\0002\0002\000\040\000s\000o\000u\000r\000c\000e\000c\000o\000d\000e\000/\000s\000t\000a\000n\000d\000a\000l\000o\000n\000e\000\137\000t\000r\000a\000i\000n\000i\000n\000g\000.\000p\000y\000\040\000F\000i\000l\000e\000\040\000R\000e\000f\000e\000r\000e\000n\000c\000e}{chapter.8}% 754
\BOOKMARK [1][-]{section.8.23}{\376\377\0008\000.\0002\0003\000\040\000s\000t\000a\000n\000d\000a\000l\000o\000n\000e\000\137\000t\000r\000a\000i\000n\000i\000n\000g\000.\000p\000y}{chapter.8}% 755
\BOOKMARK [1][-]{section.8.24}{\376\377\0008\000.\0002\0004\000\040\000s\000o\000u\000r\000c\000e\000c\000o\000d\000e\000/\000s\000t\000o\000r\000a\000g\000e\000.\000p\000y\000\040\000F\000i\000l\000e\000\040\000R\000e\000f\000e\000r\000e\000n\000c\000e}{chapter.8}% 756
\BOOKMARK [1][-]{section.8.25}{\376\377\0008\000.\0002\0005\000\040\000s\000t\000o\000r\000a\000g\000e\000.\000p\000y}{chapter.8}% 757
\BOOKMARK [1][-]{section.8.26}{\376\377\0008\000.\0002\0006\000\040\000s\000o\000u\000r\000c\000e\000c\000o\000d\000e\000/\000s\000y\000s\000t\000e\000m\000\137\000m\000a\000n\000a\000g\000e\000r\000.\000p\000y\000\040\000F\000i\000l\000e\000\040\000R\000e\000f\000e\000r\000e\000n\000c\000e}{chapter.8}% 758
\BOOKMARK [1][-]{section.8.27}{\376\377\0008\000.\0002\0007\000\040\000s\000y\000s\000t\000e\000m\000\137\000m\000a\000n\000a\000g\000e\000r\000.\000p\000y}{chapter.8}% 759
\BOOKMARK [1][-]{section.8.28}{\376\377\0008\000.\0002\0008\000\040\000s\000o\000u\000r\000c\000e\000c\000o\000d\000e\000/\000t\000r\000a\000i\000n\000i\000n\000g\000\137\000p\000i\000p\000e\000l\000i\000n\000e\000.\000p\000y\000\040\000F\000i\000l\000e\000\040\000R\000e\000f\000e\000r\000e\000n\000c\000e}{chapter.8}% 760
\BOOKMARK [1][-]{section.8.29}{\376\377\0008\000.\0002\0009\000\040\000t\000r\000a\000i\000n\000i\000n\000g\000\137\000p\000i\000p\000e\000l\000i\000n\000e\000.\000p\000y}{chapter.8}% 761
\BOOKMARK [1][-]{section.8.30}{\376\377\0008\000.\0003\0000\000\040\000s\000o\000u\000r\000c\000e\000c\000o\000d\000e\000/\000v\000i\000s\000u\000a\000l\000i\000z\000a\000t\000i\000o\000n\000.\000p\000y\000\040\000F\000i\000l\000e\000\040\000R\000e\000f\000e\000r\000e\000n\000c\000e}{chapter.8}% 762
\BOOKMARK [1][-]{section.8.31}{\376\377\0008\000.\0003\0001\000\040\000v\000i\000s\000u\000a\000l\000i\000z\000a\000t\000i\000o\000n\000.\000p\000y}{chapter.8}% 763
\BOOKMARK [1][-]{section.8.32}{\376\377\0008\000.\0003\0002\000\040\000t\000e\000s\000t\000s\000/\000a\000n\000a\000l\000y\000z\000e\000\137\000t\000r\000a\000i\000n\000c\000u\000b\000e\000s\000.\000p\000y\000\040\000F\000i\000l\000e\000\040\000R\000e\000f\000e\000r\000e\000n\000c\000e}{chapter.8}% 764
\BOOKMARK [1][-]{section.8.33}{\376\377\0008\000.\0003\0003\000\040\000a\000n\000a\000l\000y\000z\000e\000\137\000t\000r\000a\000i\000n\000c\000u\000b\000e\000s\000.\000p\000y}{chapter.8}% 765
\BOOKMARK [1][-]{section.8.34}{\376\377\0008\000.\0003\0004\000\040\000t\000e\000s\000t\000s\000/\000d\000e\000b\000u\000g\000\137\000i\000n\000f\000e\000r\000e\000n\000c\000e\000\137\000p\000r\000o\000b\000l\000e\000m\000.\000p\000y\000\040\000F\000i\000l\000e\000\040\000R\000e\000f\000e\000r\000e\000n\000c\000e}{chapter.8}% 766
\BOOKMARK [1][-]{section.8.35}{\376\377\0008\000.\0003\0005\000\040\000d\000e\000b\000u\000g\000\137\000i\000n\000f\000e\000r\000e\000n\000c\000e\000\137\000p\000r\000o\000b\000l\000e\000m\000.\000p\000y}{chapter.8}% 767
\BOOKMARK [1][-]{section.8.36}{\376\377\0008\000.\0003\0006\000\040\000t\000e\000s\000t\000s\000/\000d\000e\000b\000u\000g\000\137\000i\000n\000f\000e\000r\000e\000n\000c\000e\000\137\000s\000y\000s\000t\000e\000m\000a\000t\000i\000c\000.\000p\000y\000\040\000F\000i\000l\000e\000\040\000R\000e\000f\000e\000r\000e\000n\000c\000e}{chapter.8}% 768
\BOOKMARK [1][-]{section.8.37}{\376\377\0008\000.\0003\0007\000\040\000d\000e\000b\000u\000g\000\137\000i\000n\000f\000e\000r\000e\000n\000c\000e\000\137\000s\000y\000s\000t\000e\000m\000a\000t\000i\000c\000.\000p\000y}{chapter.8}% 769
\BOOKMARK [1][-]{section.8.38}{\376\377\0008\000.\0003\0008\000\040\000t\000e\000s\000t\000s\000/\000d\000e\000b\000u\000g\000\137\000t\000r\000a\000i\000n\000i\000n\000g\000\137\000d\000a\000t\000a\000.\000p\000y\000\040\000F\000i\000l\000e\000\040\000R\000e\000f\000e\000r\000e\000n\000c\000e}{chapter.8}% 770
\BOOKMARK [1][-]{section.8.39}{\376\377\0008\000.\0003\0009\000\040\000d\000e\000b\000u\000g\000\137\000t\000r\000a\000i\000n\000i\000n\000g\000\137\000d\000a\000t\000a\000.\000p\000y}{chapter.8}% 771
\BOOKMARK [1][-]{section.8.40}{\376\377\0008\000.\0004\0000\000\040\000t\000e\000s\000t\000s\000/\000d\000e\000b\000u\000g\000\137\000v\000i\000s\000u\000a\000l\000i\000z\000a\000t\000i\000o\000n\000.\000p\000y\000\040\000F\000i\000l\000e\000\040\000R\000e\000f\000e\000r\000e\000n\000c\000e}{chapter.8}% 772
\BOOKMARK [1][-]{section.8.41}{\376\377\0008\000.\0004\0001\000\040\000d\000e\000b\000u\000g\000\137\000v\000i\000s\000u\000a\000l\000i\000z\000a\000t\000i\000o\000n\000.\000p\000y}{chapter.8}% 773
\BOOKMARK [1][-]{section.8.42}{\376\377\0008\000.\0004\0002\000\040\000t\000e\000s\000t\000s\000/\000s\000i\000m\000p\000l\000e\000\137\000i\000n\000f\000e\000r\000e\000n\000c\000e\000\137\000t\000e\000s\000t\000.\000p\000y\000\040\000F\000i\000l\000e\000\040\000R\000e\000f\000e\000r\000e\000n\000c\000e}{chapter.8}% 774
\BOOKMARK [1][-]{section.8.43}{\376\377\0008\000.\0004\0003\000\040\000s\000i\000m\000p\000l\000e\000\137\000i\000n\000f\000e\000r\000e\000n\000c\000e\000\137\000t\000e\000s\000t\000.\000p\000y}{chapter.8}% 775
\BOOKMARK [1][-]{section.8.44}{\376\377\0008\000.\0004\0004\000\040\000t\000e\000s\000t\000s\000/\000s\000y\000s\000t\000e\000m\000a\000t\000i\000c\000\137\000d\000o\000s\000e\000\137\000d\000i\000a\000g\000n\000o\000s\000i\000s\000.\000p\000y\000\040\000F\000i\000l\000e\000\040\000R\000e\000f\000e\000r\000e\000n\000c\000e}{chapter.8}% 776
\BOOKMARK [1][-]{section.8.45}{\376\377\0008\000.\0004\0005\000\040\000s\000y\000s\000t\000e\000m\000a\000t\000i\000c\000\137\000d\000o\000s\000e\000\137\000d\000i\000a\000g\000n\000o\000s\000i\000s\000.\000p\000y}{chapter.8}% 777
\BOOKMARK [1][-]{section.8.46}{\376\377\0008\000.\0004\0006\000\040\000t\000e\000s\000t\000s\000/\000t\000e\000s\000t\000\137\000c\000r\000i\000t\000i\000c\000a\000l\000\137\000f\000i\000x\000e\000s\000.\000p\000y\000\040\000F\000i\000l\000e\000\040\000R\000e\000f\000e\000r\000e\000n\000c\000e}{chapter.8}% 778
\BOOKMARK [1][-]{section.8.47}{\376\377\0008\000.\0004\0007\000\040\000t\000e\000s\000t\000\137\000c\000r\000i\000t\000i\000c\000a\000l\000\137\000f\000i\000x\000e\000s\000.\000p\000y}{chapter.8}% 779
\BOOKMARK [1][-]{section.8.48}{\376\377\0008\000.\0004\0008\000\040\000t\000e\000s\000t\000s\000/\000t\000e\000s\000t\000\137\000e\000r\000r\000o\000r\000\137\000l\000o\000g\000g\000i\000n\000g\000.\000p\000y\000\040\000F\000i\000l\000e\000\040\000R\000e\000f\000e\000r\000e\000n\000c\000e}{chapter.8}% 780
\BOOKMARK [1][-]{section.8.49}{\376\377\0008\000.\0004\0009\000\040\000t\000e\000s\000t\000\137\000e\000r\000r\000o\000r\000\137\000l\000o\000g\000g\000i\000n\000g\000.\000p\000y}{chapter.8}% 781
\BOOKMARK [1][-]{section.8.50}{\376\377\0008\000.\0005\0000\000\040\000t\000e\000s\000t\000s\000/\000t\000e\000s\000t\000\137\000g\000u\000i\000.\000p\000y\000\040\000F\000i\000l\000e\000\040\000R\000e\000f\000e\000r\000e\000n\000c\000e}{chapter.8}% 782
\BOOKMARK [1][-]{section.8.51}{\376\377\0008\000.\0005\0001\000\040\000t\000e\000s\000t\000\137\000g\000u\000i\000.\000p\000y}{chapter.8}% 783
\BOOKMARK [1][-]{section.8.52}{\376\377\0008\000.\0005\0002\000\040\000t\000e\000s\000t\000s\000/\000t\000e\000s\000t\000\137\000g\000u\000i\000\137\000i\000n\000f\000e\000r\000e\000n\000c\000e\000.\000p\000y\000\040\000F\000i\000l\000e\000\040\000R\000e\000f\000e\000r\000e\000n\000c\000e}{chapter.8}% 784
\BOOKMARK [1][-]{section.8.53}{\376\377\0008\000.\0005\0003\000\040\000t\000e\000s\000t\000\137\000g\000u\000i\000\137\000i\000n\000f\000e\000r\000e\000n\000c\000e\000.\000p\000y}{chapter.8}% 785
\BOOKMARK [1][-]{section.8.54}{\376\377\0008\000.\0005\0004\000\040\000t\000e\000s\000t\000s\000/\000t\000e\000s\000t\000\137\000g\000u\000i\000\137\000t\000r\000a\000i\000n\000i\000n\000g\000.\000p\000y\000\040\000F\000i\000l\000e\000\040\000R\000e\000f\000e\000r\000e\000n\000c\000e}{chapter.8}% 786
\BOOKMARK [1][-]{section.8.55}{\376\377\0008\000.\0005\0005\000\040\000t\000e\000s\000t\000\137\000g\000u\000i\000\137\000t\000r\000a\000i\000n\000i\000n\000g\000.\000p\000y}{chapter.8}% 787
\BOOKMARK [1][-]{section.8.56}{\376\377\0008\000.\0005\0006\000\040\000t\000e\000s\000t\000s\000/\000t\000e\000s\000t\000\137\000p\000i\000p\000e\000l\000i\000n\000e\000\137\000f\000i\000x\000e\000s\000.\000p\000y\000\040\000F\000i\000l\000e\000\040\000R\000e\000f\000e\000r\000e\000n\000c\000e}{chapter.8}% 788
\BOOKMARK [1][-]{section.8.57}{\376\377\0008\000.\0005\0007\000\040\000t\000e\000s\000t\000\137\000p\000i\000p\000e\000l\000i\000n\000e\000\137\000f\000i\000x\000e\000s\000.\000p\000y}{chapter.8}% 789
\BOOKMARK [1][-]{section.8.58}{\376\377\0008\000.\0005\0008\000\040\000t\000e\000s\000t\000s\000/\000t\000e\000s\000t\000\137\000s\000y\000s\000t\000e\000m\000\137\000m\000a\000n\000a\000g\000e\000r\000\137\000i\000n\000f\000e\000r\000e\000n\000c\000e\000.\000p\000y\000\040\000F\000i\000l\000e\000\040\000R\000e\000f\000e\000r\000e\000n\000c\000e}{chapter.8}% 790
\BOOKMARK [1][-]{section.8.59}{\376\377\0008\000.\0005\0009\000\040\000t\000e\000s\000t\000\137\000s\000y\000s\000t\000e\000m\000\137\000m\000a\000n\000a\000g\000e\000r\000\137\000i\000n\000f\000e\000r\000e\000n\000c\000e\000.\000p\000y}{chapter.8}% 791
\BOOKMARK [1][-]{section.8.60}{\376\377\0008\000.\0006\0000\000\040\000t\000e\000s\000t\000s\000/\000t\000e\000s\000t\000\137\000s\000y\000s\000t\000e\000m\000\137\000m\000a\000n\000a\000g\000e\000r\000\137\000r\000e\000a\000l\000\137\000d\000a\000t\000a\000.\000p\000y\000\040\000F\000i\000l\000e\000\040\000R\000e\000f\000e\000r\000e\000n\000c\000e}{chapter.8}% 792
\BOOKMARK [1][-]{section.8.61}{\376\377\0008\000.\0006\0001\000\040\000t\000e\000s\000t\000\137\000s\000y\000s\000t\000e\000m\000\137\000m\000a\000n\000a\000g\000e\000r\000\137\000r\000e\000a\000l\000\137\000d\000a\000t\000a\000.\000p\000y}{chapter.8}% 793
\BOOKMARK [1][-]{section.8.62}{\376\377\0008\000.\0006\0002\000\040\000t\000e\000s\000t\000s\000/\000t\000e\000s\000t\000\137\000s\000y\000s\000t\000e\000m\000m\000a\000n\000a\000g\000e\000r\000.\000p\000y\000\040\000F\000i\000l\000e\000\040\000R\000e\000f\000e\000r\000e\000n\000c\000e}{chapter.8}% 794
\BOOKMARK [1][-]{section.8.63}{\376\377\0008\000.\0006\0003\000\040\000t\000e\000s\000t\000\137\000s\000y\000s\000t\000e\000m\000m\000a\000n\000a\000g\000e\000r\000.\000p\000y}{chapter.8}% 795
\BOOKMARK [1][-]{section.8.64}{\376\377\0008\000.\0006\0004\000\040\000t\000e\000s\000t\000s\000/\000t\000e\000s\000t\000\137\000t\000r\000a\000i\000n\000i\000n\000g\000.\000p\000y\000\040\000F\000i\000l\000e\000\040\000R\000e\000f\000e\000r\000e\000n\000c\000e}{chapter.8}% 796
\BOOKMARK [1][-]{section.8.65}{\376\377\0008\000.\0006\0005\000\040\000t\000e\000s\000t\000\137\000t\000r\000a\000i\000n\000i\000n\000g\000.\000p\000y}{chapter.8}% 797
\BOOKMARK [1][-]{section.8.66}{\376\377\0008\000.\0006\0006\000\040\000t\000e\000s\000t\000s\000/\000t\000e\000s\000t\000\137\000v\000i\000s\000u\000a\000l\000i\000z\000t\000a\000t\000i\000o\000n\000.\000p\000y\000\040\000F\000i\000l\000e\000\040\000R\000e\000f\000e\000r\000e\000n\000c\000e}{chapter.8}% 798
\BOOKMARK [1][-]{section.8.67}{\376\377\0008\000.\0006\0007\000\040\000t\000e\000s\000t\000\137\000v\000i\000s\000u\000a\000l\000i\000z\000t\000a\000t\000i\000o\000n\000.\000p\000y}{chapter.8}% 799
\BOOKMARK [1][-]{section.8.68}{\376\377\0008\000.\0006\0008\000\040\000t\000e\000s\000t\000s\000/\000v\000a\000l\000i\000d\000a\000t\000e\000\137\000e\000n\000e\000r\000g\000y\000\137\000c\000o\000n\000d\000i\000t\000i\000o\000n\000i\000n\000g\000.\000p\000y\000\040\000F\000i\000l\000e\000\040\000R\000e\000f\000e\000r\000e\000n\000c\000e}{chapter.8}% 800
\BOOKMARK [1][-]{section.8.69}{\376\377\0008\000.\0006\0009\000\040\000v\000a\000l\000i\000d\000a\000t\000e\000\137\000e\000n\000e\000r\000g\000y\000\137\000c\000o\000n\000d\000i\000t\000i\000o\000n\000i\000n\000g\000.\000p\000y}{chapter.8}% 801
\BOOKMARK [1][-]{section.8.70}{\376\377\0008\000.\0007\0000\000\040\000t\000e\000s\000t\000s\000/\000v\000i\000s\000u\000a\000l\000i\000z\000e\000T\000E\000S\000T\000.\000p\000y\000\040\000F\000i\000l\000e\000\040\000R\000e\000f\000e\000r\000e\000n\000c\000e}{chapter.8}% 802
\BOOKMARK [1][-]{section.8.71}{\376\377\0008\000.\0007\0001\000\040\000v\000i\000s\000u\000a\000l\000i\000z\000e\000T\000E\000S\000T\000.\000p\000y}{chapter.8}% 803
